ISO-10303-21;
HEADER;
/* Generated by software containing ST-Developer
 * from STEP Tools, Inc. (www.steptools.com) 
 */

FILE_DESCRIPTION(
/* description */ (''),
/* implementation_level */ '2;1');

FILE_NAME(
/* name */ 'case.step',
/* time_stamp */ '2026-03-29T17:05:10+01:00',
/* author */ (''),
/* organization */ (''),
/* preprocessor_version */ 'ST-DEVELOPER v20.1',
/* originating_system */ 'Autodesk Translation Framework v14.24.0.0',
/* authorisation */ '');

FILE_SCHEMA (('AUTOMOTIVE_DESIGN { 1 0 10303 214 3 1 1 }'));
ENDSEC;

DATA;
#10=MECHANICAL_DESIGN_GEOMETRIC_PRESENTATION_REPRESENTATION('',(#13,#14,
#15,#16,#17,#18,#19,#20,#21,#22),#2791);
#11=SHAPE_REPRESENTATION_RELATIONSHIP('SRR','None',#2798,#12);
#12=ADVANCED_BREP_SHAPE_REPRESENTATION('',(#23,#24,#25,#26,#27,#28,#29,
#30,#31,#32),#2790);
#13=STYLED_ITEM('',(#2807),#23);
#14=STYLED_ITEM('',(#2807),#24);
#15=STYLED_ITEM('',(#2807),#25);
#16=STYLED_ITEM('',(#2807),#26);
#17=STYLED_ITEM('',(#2807),#27);
#18=STYLED_ITEM('',(#2807),#28);
#19=STYLED_ITEM('',(#2807),#29);
#20=STYLED_ITEM('',(#2807),#30);
#21=STYLED_ITEM('',(#2807),#31);
#22=STYLED_ITEM('',(#2807),#32);
#23=MANIFOLD_SOLID_BREP('Body1',#1706);
#24=MANIFOLD_SOLID_BREP('Body3',#1707);
#25=MANIFOLD_SOLID_BREP('Body4',#1708);
#26=MANIFOLD_SOLID_BREP('Body5',#1709);
#27=MANIFOLD_SOLID_BREP('Body6',#1710);
#28=MANIFOLD_SOLID_BREP('Body7',#1711);
#29=MANIFOLD_SOLID_BREP('Body9',#1712);
#30=MANIFOLD_SOLID_BREP('Body10',#1713);
#31=MANIFOLD_SOLID_BREP('Body11',#1714);
#32=MANIFOLD_SOLID_BREP('Body12',#1715);
#33=CYLINDRICAL_SURFACE('',#1745,1.6);
#34=CYLINDRICAL_SURFACE('',#1747,1.6);
#35=CYLINDRICAL_SURFACE('',#1749,1.6);
#36=CYLINDRICAL_SURFACE('',#1760,2.3);
#37=CYLINDRICAL_SURFACE('',#1763,4.00000000000002);
#38=CYLINDRICAL_SURFACE('',#1768,2.29999999999997);
#39=CYLINDRICAL_SURFACE('',#1771,3.99999999999999);
#40=CYLINDRICAL_SURFACE('',#1776,2.3);
#41=CYLINDRICAL_SURFACE('',#1779,4.);
#42=CYLINDRICAL_SURFACE('',#1784,2.29999999999997);
#43=CYLINDRICAL_SURFACE('',#1787,3.99999999999999);
#44=CYLINDRICAL_SURFACE('',#1792,2.3);
#45=CYLINDRICAL_SURFACE('',#1795,4.);
#46=CYLINDRICAL_SURFACE('',#1800,1.6);
#47=CYLINDRICAL_SURFACE('',#1809,1.6);
#48=CYLINDRICAL_SURFACE('',#1818,1.6);
#49=CYLINDRICAL_SURFACE('',#1846,1.6);
#50=CYLINDRICAL_SURFACE('',#1848,1.6);
#51=CYLINDRICAL_SURFACE('',#1849,1.6);
#52=FACE_BOUND('',#221,.T.);
#53=FACE_BOUND('',#225,.T.);
#54=FACE_BOUND('',#228,.T.);
#55=FACE_BOUND('',#241,.T.);
#56=FACE_BOUND('',#242,.T.);
#57=FACE_BOUND('',#243,.T.);
#58=FACE_BOUND('',#247,.T.);
#59=FACE_BOUND('',#249,.T.);
#60=FACE_BOUND('',#253,.T.);
#61=FACE_BOUND('',#255,.T.);
#62=FACE_BOUND('',#259,.T.);
#63=FACE_BOUND('',#261,.T.);
#64=FACE_BOUND('',#265,.T.);
#65=FACE_BOUND('',#267,.T.);
#66=FACE_BOUND('',#271,.T.);
#67=FACE_BOUND('',#273,.T.);
#68=FACE_BOUND('',#276,.T.);
#69=FACE_BOUND('',#279,.T.);
#70=FACE_BOUND('',#285,.T.);
#71=FACE_BOUND('',#288,.T.);
#72=FACE_BOUND('',#294,.T.);
#73=FACE_BOUND('',#297,.T.);
#74=FACE_BOUND('',#306,.T.);
#75=FACE_BOUND('',#310,.T.);
#76=FACE_BOUND('',#313,.T.);
#77=FACE_BOUND('',#314,.T.);
#78=FACE_BOUND('',#315,.T.);
#79=FACE_BOUND('',#325,.T.);
#80=CIRCLE('',#1737,1.6);
#81=CIRCLE('',#1741,1.6);
#82=CIRCLE('',#1744,1.6);
#83=CIRCLE('',#1746,1.6);
#84=CIRCLE('',#1748,1.6);
#85=CIRCLE('',#1750,1.6);
#86=CIRCLE('',#1761,2.3);
#87=CIRCLE('',#1762,2.3);
#88=CIRCLE('',#1764,4.00000000000002);
#89=CIRCLE('',#1765,4.00000000000002);
#90=CIRCLE('',#1769,2.29999999999997);
#91=CIRCLE('',#1770,2.29999999999997);
#92=CIRCLE('',#1772,3.99999999999999);
#93=CIRCLE('',#1773,3.99999999999999);
#94=CIRCLE('',#1777,2.3);
#95=CIRCLE('',#1778,2.3);
#96=CIRCLE('',#1780,4.);
#97=CIRCLE('',#1781,4.);
#98=CIRCLE('',#1785,2.29999999999997);
#99=CIRCLE('',#1786,2.29999999999997);
#100=CIRCLE('',#1788,3.99999999999999);
#101=CIRCLE('',#1789,3.99999999999999);
#102=CIRCLE('',#1793,2.3);
#103=CIRCLE('',#1794,2.3);
#104=CIRCLE('',#1796,4.);
#105=CIRCLE('',#1797,4.);
#106=CIRCLE('',#1801,1.6);
#107=CIRCLE('',#1802,1.6);
#108=CIRCLE('',#1810,1.6);
#109=CIRCLE('',#1811,1.6);
#110=CIRCLE('',#1819,1.6);
#111=CIRCLE('',#1820,1.6);
#112=CIRCLE('',#1832,1.6);
#113=CIRCLE('',#1836,1.6);
#114=CIRCLE('',#1839,1.6);
#115=CIRCLE('',#1840,1.6);
#116=CIRCLE('',#1841,1.6);
#117=CIRCLE('',#1847,1.6);
#118=FACE_OUTER_BOUND('',#213,.T.);
#119=FACE_OUTER_BOUND('',#214,.T.);
#120=FACE_OUTER_BOUND('',#215,.T.);
#121=FACE_OUTER_BOUND('',#216,.T.);
#122=FACE_OUTER_BOUND('',#217,.T.);
#123=FACE_OUTER_BOUND('',#218,.T.);
#124=FACE_OUTER_BOUND('',#219,.T.);
#125=FACE_OUTER_BOUND('',#220,.T.);
#126=FACE_OUTER_BOUND('',#222,.T.);
#127=FACE_OUTER_BOUND('',#223,.T.);
#128=FACE_OUTER_BOUND('',#224,.T.);
#129=FACE_OUTER_BOUND('',#226,.T.);
#130=FACE_OUTER_BOUND('',#227,.T.);
#131=FACE_OUTER_BOUND('',#229,.T.);
#132=FACE_OUTER_BOUND('',#230,.T.);
#133=FACE_OUTER_BOUND('',#231,.T.);
#134=FACE_OUTER_BOUND('',#232,.T.);
#135=FACE_OUTER_BOUND('',#233,.T.);
#136=FACE_OUTER_BOUND('',#234,.T.);
#137=FACE_OUTER_BOUND('',#235,.T.);
#138=FACE_OUTER_BOUND('',#236,.T.);
#139=FACE_OUTER_BOUND('',#237,.T.);
#140=FACE_OUTER_BOUND('',#238,.T.);
#141=FACE_OUTER_BOUND('',#239,.T.);
#142=FACE_OUTER_BOUND('',#240,.T.);
#143=FACE_OUTER_BOUND('',#244,.T.);
#144=FACE_OUTER_BOUND('',#245,.T.);
#145=FACE_OUTER_BOUND('',#246,.T.);
#146=FACE_OUTER_BOUND('',#248,.T.);
#147=FACE_OUTER_BOUND('',#250,.T.);
#148=FACE_OUTER_BOUND('',#251,.T.);
#149=FACE_OUTER_BOUND('',#252,.T.);
#150=FACE_OUTER_BOUND('',#254,.T.);
#151=FACE_OUTER_BOUND('',#256,.T.);
#152=FACE_OUTER_BOUND('',#257,.T.);
#153=FACE_OUTER_BOUND('',#258,.T.);
#154=FACE_OUTER_BOUND('',#260,.T.);
#155=FACE_OUTER_BOUND('',#262,.T.);
#156=FACE_OUTER_BOUND('',#263,.T.);
#157=FACE_OUTER_BOUND('',#264,.T.);
#158=FACE_OUTER_BOUND('',#266,.T.);
#159=FACE_OUTER_BOUND('',#268,.T.);
#160=FACE_OUTER_BOUND('',#269,.T.);
#161=FACE_OUTER_BOUND('',#270,.T.);
#162=FACE_OUTER_BOUND('',#272,.T.);
#163=FACE_OUTER_BOUND('',#274,.T.);
#164=FACE_OUTER_BOUND('',#275,.T.);
#165=FACE_OUTER_BOUND('',#277,.T.);
#166=FACE_OUTER_BOUND('',#278,.T.);
#167=FACE_OUTER_BOUND('',#280,.T.);
#168=FACE_OUTER_BOUND('',#281,.T.);
#169=FACE_OUTER_BOUND('',#282,.T.);
#170=FACE_OUTER_BOUND('',#283,.T.);
#171=FACE_OUTER_BOUND('',#284,.T.);
#172=FACE_OUTER_BOUND('',#286,.T.);
#173=FACE_OUTER_BOUND('',#287,.T.);
#174=FACE_OUTER_BOUND('',#289,.T.);
#175=FACE_OUTER_BOUND('',#290,.T.);
#176=FACE_OUTER_BOUND('',#291,.T.);
#177=FACE_OUTER_BOUND('',#292,.T.);
#178=FACE_OUTER_BOUND('',#293,.T.);
#179=FACE_OUTER_BOUND('',#295,.T.);
#180=FACE_OUTER_BOUND('',#296,.T.);
#181=FACE_OUTER_BOUND('',#298,.T.);
#182=FACE_OUTER_BOUND('',#299,.T.);
#183=FACE_OUTER_BOUND('',#300,.T.);
#184=FACE_OUTER_BOUND('',#301,.T.);
#185=FACE_OUTER_BOUND('',#302,.T.);
#186=FACE_OUTER_BOUND('',#303,.T.);
#187=FACE_OUTER_BOUND('',#304,.T.);
#188=FACE_OUTER_BOUND('',#305,.T.);
#189=FACE_OUTER_BOUND('',#307,.T.);
#190=FACE_OUTER_BOUND('',#308,.T.);
#191=FACE_OUTER_BOUND('',#309,.T.);
#192=FACE_OUTER_BOUND('',#311,.T.);
#193=FACE_OUTER_BOUND('',#312,.T.);
#194=FACE_OUTER_BOUND('',#316,.T.);
#195=FACE_OUTER_BOUND('',#317,.T.);
#196=FACE_OUTER_BOUND('',#318,.T.);
#197=FACE_OUTER_BOUND('',#319,.T.);
#198=FACE_OUTER_BOUND('',#320,.T.);
#199=FACE_OUTER_BOUND('',#321,.T.);
#200=FACE_OUTER_BOUND('',#322,.T.);
#201=FACE_OUTER_BOUND('',#323,.T.);
#202=FACE_OUTER_BOUND('',#324,.T.);
#203=FACE_OUTER_BOUND('',#326,.T.);
#204=FACE_OUTER_BOUND('',#327,.T.);
#205=FACE_OUTER_BOUND('',#328,.T.);
#206=FACE_OUTER_BOUND('',#329,.T.);
#207=FACE_OUTER_BOUND('',#330,.T.);
#208=FACE_OUTER_BOUND('',#331,.T.);
#209=FACE_OUTER_BOUND('',#332,.T.);
#210=FACE_OUTER_BOUND('',#333,.T.);
#211=FACE_OUTER_BOUND('',#334,.T.);
#212=FACE_OUTER_BOUND('',#335,.T.);
#213=EDGE_LOOP('',(#1085,#1086,#1087,#1088,#1089,#1090,#1091,#1092));
#214=EDGE_LOOP('',(#1093,#1094,#1095,#1096));
#215=EDGE_LOOP('',(#1097,#1098,#1099,#1100));
#216=EDGE_LOOP('',(#1101,#1102,#1103,#1104));
#217=EDGE_LOOP('',(#1105,#1106,#1107,#1108));
#218=EDGE_LOOP('',(#1109,#1110,#1111,#1112));
#219=EDGE_LOOP('',(#1113,#1114,#1115,#1116));
#220=EDGE_LOOP('',(#1117,#1118,#1119,#1120));
#221=EDGE_LOOP('',(#1121));
#222=EDGE_LOOP('',(#1122,#1123,#1124,#1125));
#223=EDGE_LOOP('',(#1126,#1127,#1128,#1129));
#224=EDGE_LOOP('',(#1130,#1131,#1132,#1133));
#225=EDGE_LOOP('',(#1134));
#226=EDGE_LOOP('',(#1135,#1136,#1137,#1138));
#227=EDGE_LOOP('',(#1139,#1140,#1141,#1142));
#228=EDGE_LOOP('',(#1143));
#229=EDGE_LOOP('',(#1144,#1145,#1146,#1147));
#230=EDGE_LOOP('',(#1148,#1149,#1150,#1151));
#231=EDGE_LOOP('',(#1152,#1153,#1154,#1155));
#232=EDGE_LOOP('',(#1156,#1157,#1158,#1159));
#233=EDGE_LOOP('',(#1160,#1161,#1162,#1163));
#234=EDGE_LOOP('',(#1164,#1165,#1166,#1167));
#235=EDGE_LOOP('',(#1168,#1169,#1170,#1171,#1172,#1173,#1174,#1175,#1176,
#1177,#1178,#1179,#1180,#1181,#1182,#1183));
#236=EDGE_LOOP('',(#1184,#1185,#1186,#1187));
#237=EDGE_LOOP('',(#1188,#1189,#1190,#1191));
#238=EDGE_LOOP('',(#1192,#1193,#1194,#1195));
#239=EDGE_LOOP('',(#1196,#1197,#1198,#1199));
#240=EDGE_LOOP('',(#1200,#1201,#1202,#1203,#1204,#1205,#1206,#1207,#1208,
#1209,#1210,#1211,#1212,#1213,#1214,#1215,#1216,#1217,#1218,#1219));
#241=EDGE_LOOP('',(#1220));
#242=EDGE_LOOP('',(#1221));
#243=EDGE_LOOP('',(#1222));
#244=EDGE_LOOP('',(#1223,#1224,#1225,#1226));
#245=EDGE_LOOP('',(#1227,#1228,#1229,#1230));
#246=EDGE_LOOP('',(#1231));
#247=EDGE_LOOP('',(#1232));
#248=EDGE_LOOP('',(#1233));
#249=EDGE_LOOP('',(#1234));
#250=EDGE_LOOP('',(#1235,#1236,#1237,#1238));
#251=EDGE_LOOP('',(#1239,#1240,#1241,#1242));
#252=EDGE_LOOP('',(#1243));
#253=EDGE_LOOP('',(#1244));
#254=EDGE_LOOP('',(#1245));
#255=EDGE_LOOP('',(#1246));
#256=EDGE_LOOP('',(#1247,#1248,#1249,#1250));
#257=EDGE_LOOP('',(#1251,#1252,#1253,#1254));
#258=EDGE_LOOP('',(#1255));
#259=EDGE_LOOP('',(#1256));
#260=EDGE_LOOP('',(#1257));
#261=EDGE_LOOP('',(#1258));
#262=EDGE_LOOP('',(#1259,#1260,#1261,#1262));
#263=EDGE_LOOP('',(#1263,#1264,#1265,#1266));
#264=EDGE_LOOP('',(#1267));
#265=EDGE_LOOP('',(#1268));
#266=EDGE_LOOP('',(#1269));
#267=EDGE_LOOP('',(#1270));
#268=EDGE_LOOP('',(#1271,#1272,#1273,#1274));
#269=EDGE_LOOP('',(#1275,#1276,#1277,#1278));
#270=EDGE_LOOP('',(#1279));
#271=EDGE_LOOP('',(#1280));
#272=EDGE_LOOP('',(#1281));
#273=EDGE_LOOP('',(#1282));
#274=EDGE_LOOP('',(#1283,#1284,#1285,#1286));
#275=EDGE_LOOP('',(#1287,#1288,#1289,#1290));
#276=EDGE_LOOP('',(#1291));
#277=EDGE_LOOP('',(#1292,#1293,#1294,#1295));
#278=EDGE_LOOP('',(#1296,#1297,#1298,#1299));
#279=EDGE_LOOP('',(#1300));
#280=EDGE_LOOP('',(#1301,#1302,#1303,#1304));
#281=EDGE_LOOP('',(#1305,#1306,#1307,#1308));
#282=EDGE_LOOP('',(#1309,#1310,#1311,#1312));
#283=EDGE_LOOP('',(#1313,#1314,#1315,#1316));
#284=EDGE_LOOP('',(#1317,#1318,#1319,#1320));
#285=EDGE_LOOP('',(#1321));
#286=EDGE_LOOP('',(#1322,#1323,#1324,#1325));
#287=EDGE_LOOP('',(#1326,#1327,#1328,#1329));
#288=EDGE_LOOP('',(#1330));
#289=EDGE_LOOP('',(#1331,#1332,#1333,#1334));
#290=EDGE_LOOP('',(#1335,#1336,#1337,#1338));
#291=EDGE_LOOP('',(#1339,#1340,#1341,#1342));
#292=EDGE_LOOP('',(#1343,#1344,#1345,#1346));
#293=EDGE_LOOP('',(#1347,#1348,#1349,#1350));
#294=EDGE_LOOP('',(#1351));
#295=EDGE_LOOP('',(#1352,#1353,#1354,#1355));
#296=EDGE_LOOP('',(#1356,#1357,#1358,#1359));
#297=EDGE_LOOP('',(#1360));
#298=EDGE_LOOP('',(#1361,#1362,#1363,#1364));
#299=EDGE_LOOP('',(#1365,#1366,#1367,#1368));
#300=EDGE_LOOP('',(#1369,#1370,#1371,#1372));
#301=EDGE_LOOP('',(#1373,#1374,#1375,#1376,#1377,#1378,#1379,#1380));
#302=EDGE_LOOP('',(#1381,#1382,#1383,#1384));
#303=EDGE_LOOP('',(#1385,#1386,#1387,#1388,#1389,#1390,#1391,#1392,#1393,
#1394,#1395,#1396,#1397,#1398,#1399,#1400,#1401,#1402,#1403,#1404));
#304=EDGE_LOOP('',(#1405,#1406,#1407,#1408));
#305=EDGE_LOOP('',(#1409,#1410,#1411,#1412));
#306=EDGE_LOOP('',(#1413));
#307=EDGE_LOOP('',(#1414,#1415,#1416,#1417));
#308=EDGE_LOOP('',(#1418,#1419,#1420,#1421));
#309=EDGE_LOOP('',(#1422,#1423,#1424,#1425));
#310=EDGE_LOOP('',(#1426));
#311=EDGE_LOOP('',(#1427,#1428,#1429,#1430));
#312=EDGE_LOOP('',(#1431,#1432,#1433,#1434,#1435,#1436,#1437,#1438,#1439,
#1440,#1441,#1442,#1443,#1444,#1445,#1446,#1447,#1448,#1449,#1450));
#313=EDGE_LOOP('',(#1451));
#314=EDGE_LOOP('',(#1452));
#315=EDGE_LOOP('',(#1453));
#316=EDGE_LOOP('',(#1454,#1455,#1456,#1457));
#317=EDGE_LOOP('',(#1458,#1459,#1460,#1461));
#318=EDGE_LOOP('',(#1462,#1463,#1464,#1465));
#319=EDGE_LOOP('',(#1466,#1467,#1468,#1469,#1470,#1471,#1472,#1473));
#320=EDGE_LOOP('',(#1474,#1475,#1476,#1477));
#321=EDGE_LOOP('',(#1478,#1479,#1480,#1481));
#322=EDGE_LOOP('',(#1482,#1483,#1484,#1485));
#323=EDGE_LOOP('',(#1486,#1487,#1488,#1489));
#324=EDGE_LOOP('',(#1490,#1491,#1492,#1493));
#325=EDGE_LOOP('',(#1494));
#326=EDGE_LOOP('',(#1495,#1496,#1497,#1498));
#327=EDGE_LOOP('',(#1499,#1500,#1501,#1502));
#328=EDGE_LOOP('',(#1503,#1504,#1505,#1506));
#329=EDGE_LOOP('',(#1507,#1508,#1509,#1510));
#330=EDGE_LOOP('',(#1511,#1512,#1513,#1514));
#331=EDGE_LOOP('',(#1515,#1516,#1517,#1518));
#332=EDGE_LOOP('',(#1519,#1520,#1521,#1522));
#333=EDGE_LOOP('',(#1523,#1524,#1525,#1526));
#334=EDGE_LOOP('',(#1527,#1528,#1529,#1530));
#335=EDGE_LOOP('',(#1531,#1532,#1533,#1534));
#336=LINE('',#2321,#523);
#337=LINE('',#2323,#524);
#338=LINE('',#2325,#525);
#339=LINE('',#2327,#526);
#340=LINE('',#2329,#527);
#341=LINE('',#2331,#528);
#342=LINE('',#2333,#529);
#343=LINE('',#2334,#530);
#344=LINE('',#2338,#531);
#345=LINE('',#2339,#532);
#346=LINE('',#2340,#533);
#347=LINE('',#2343,#534);
#348=LINE('',#2344,#535);
#349=LINE('',#2347,#536);
#350=LINE('',#2349,#537);
#351=LINE('',#2350,#538);
#352=LINE('',#2353,#539);
#353=LINE('',#2354,#540);
#354=LINE('',#2358,#541);
#355=LINE('',#2360,#542);
#356=LINE('',#2362,#543);
#357=LINE('',#2363,#544);
#358=LINE('',#2366,#545);
#359=LINE('',#2368,#546);
#360=LINE('',#2369,#547);
#361=LINE('',#2372,#548);
#362=LINE('',#2373,#549);
#363=LINE('',#2378,#550);
#364=LINE('',#2379,#551);
#365=LINE('',#2383,#552);
#366=LINE('',#2385,#553);
#367=LINE('',#2387,#554);
#368=LINE('',#2388,#555);
#369=LINE('',#2392,#556);
#370=LINE('',#2393,#557);
#371=LINE('',#2394,#558);
#372=LINE('',#2399,#559);
#373=LINE('',#2400,#560);
#374=LINE('',#2404,#561);
#375=LINE('',#2406,#562);
#376=LINE('',#2408,#563);
#377=LINE('',#2409,#564);
#378=LINE('',#2415,#565);
#379=LINE('',#2419,#566);
#380=LINE('',#2423,#567);
#381=LINE('',#2426,#568);
#382=LINE('',#2427,#569);
#383=LINE('',#2429,#570);
#384=LINE('',#2432,#571);
#385=LINE('',#2433,#572);
#386=LINE('',#2437,#573);
#387=LINE('',#2438,#574);
#388=LINE('',#2440,#575);
#389=LINE('',#2441,#576);
#390=LINE('',#2442,#577);
#391=LINE('',#2443,#578);
#392=LINE('',#2444,#579);
#393=LINE('',#2447,#580);
#394=LINE('',#2448,#581);
#395=LINE('',#2451,#582);
#396=LINE('',#2452,#583);
#397=LINE('',#2454,#584);
#398=LINE('',#2456,#585);
#399=LINE('',#2462,#586);
#400=LINE('',#2468,#587);
#401=LINE('',#2476,#588);
#402=LINE('',#2482,#589);
#403=LINE('',#2490,#590);
#404=LINE('',#2496,#591);
#405=LINE('',#2504,#592);
#406=LINE('',#2510,#593);
#407=LINE('',#2518,#594);
#408=LINE('',#2524,#595);
#409=LINE('',#2532,#596);
#410=LINE('',#2537,#597);
#411=LINE('',#2539,#598);
#412=LINE('',#2541,#599);
#413=LINE('',#2542,#600);
#414=LINE('',#2545,#601);
#415=LINE('',#2547,#602);
#416=LINE('',#2548,#603);
#417=LINE('',#2551,#604);
#418=LINE('',#2553,#605);
#419=LINE('',#2554,#606);
#420=LINE('',#2556,#607);
#421=LINE('',#2557,#608);
#422=LINE('',#2564,#609);
#423=LINE('',#2569,#610);
#424=LINE('',#2571,#611);
#425=LINE('',#2573,#612);
#426=LINE('',#2574,#613);
#427=LINE('',#2577,#614);
#428=LINE('',#2579,#615);
#429=LINE('',#2580,#616);
#430=LINE('',#2583,#617);
#431=LINE('',#2585,#618);
#432=LINE('',#2586,#619);
#433=LINE('',#2588,#620);
#434=LINE('',#2589,#621);
#435=LINE('',#2596,#622);
#436=LINE('',#2601,#623);
#437=LINE('',#2603,#624);
#438=LINE('',#2605,#625);
#439=LINE('',#2606,#626);
#440=LINE('',#2609,#627);
#441=LINE('',#2611,#628);
#442=LINE('',#2612,#629);
#443=LINE('',#2615,#630);
#444=LINE('',#2617,#631);
#445=LINE('',#2618,#632);
#446=LINE('',#2620,#633);
#447=LINE('',#2621,#634);
#448=LINE('',#2627,#635);
#449=LINE('',#2629,#636);
#450=LINE('',#2631,#637);
#451=LINE('',#2633,#638);
#452=LINE('',#2635,#639);
#453=LINE('',#2637,#640);
#454=LINE('',#2639,#641);
#455=LINE('',#2640,#642);
#456=LINE('',#2644,#643);
#457=LINE('',#2646,#644);
#458=LINE('',#2648,#645);
#459=LINE('',#2649,#646);
#460=LINE('',#2653,#647);
#461=LINE('',#2655,#648);
#462=LINE('',#2657,#649);
#463=LINE('',#2659,#650);
#464=LINE('',#2661,#651);
#465=LINE('',#2663,#652);
#466=LINE('',#2665,#653);
#467=LINE('',#2667,#654);
#468=LINE('',#2669,#655);
#469=LINE('',#2671,#656);
#470=LINE('',#2673,#657);
#471=LINE('',#2675,#658);
#472=LINE('',#2677,#659);
#473=LINE('',#2679,#660);
#474=LINE('',#2681,#661);
#475=LINE('',#2683,#662);
#476=LINE('',#2685,#663);
#477=LINE('',#2687,#664);
#478=LINE('',#2689,#665);
#479=LINE('',#2690,#666);
#480=LINE('',#2693,#667);
#481=LINE('',#2695,#668);
#482=LINE('',#2696,#669);
#483=LINE('',#2699,#670);
#484=LINE('',#2700,#671);
#485=LINE('',#2705,#672);
#486=LINE('',#2706,#673);
#487=LINE('',#2709,#674);
#488=LINE('',#2711,#675);
#489=LINE('',#2712,#676);
#490=LINE('',#2715,#677);
#491=LINE('',#2716,#678);
#492=LINE('',#2721,#679);
#493=LINE('',#2722,#680);
#494=LINE('',#2724,#681);
#495=LINE('',#2725,#682);
#496=LINE('',#2727,#683);
#497=LINE('',#2729,#684);
#498=LINE('',#2730,#685);
#499=LINE('',#2731,#686);
#500=LINE('',#2733,#687);
#501=LINE('',#2735,#688);
#502=LINE('',#2736,#689);
#503=LINE('',#2737,#690);
#504=LINE('',#2747,#691);
#505=LINE('',#2749,#692);
#506=LINE('',#2751,#693);
#507=LINE('',#2752,#694);
#508=LINE('',#2753,#695);
#509=LINE('',#2757,#696);
#510=LINE('',#2759,#697);
#511=LINE('',#2761,#698);
#512=LINE('',#2764,#699);
#513=LINE('',#2765,#700);
#514=LINE('',#2768,#701);
#515=LINE('',#2769,#702);
#516=LINE('',#2771,#703);
#517=LINE('',#2775,#704);
#518=LINE('',#2776,#705);
#519=LINE('',#2778,#706);
#520=LINE('',#2780,#707);
#521=LINE('',#2781,#708);
#522=LINE('',#2783,#709);
#523=VECTOR('',#1866,10.);
#524=VECTOR('',#1867,10.);
#525=VECTOR('',#1868,10.);
#526=VECTOR('',#1869,10.);
#527=VECTOR('',#1870,10.);
#528=VECTOR('',#1871,10.);
#529=VECTOR('',#1872,10.);
#530=VECTOR('',#1873,10.);
#531=VECTOR('',#1876,10.);
#532=VECTOR('',#1877,10.);
#533=VECTOR('',#1878,10.);
#534=VECTOR('',#1881,10.);
#535=VECTOR('',#1882,10.);
#536=VECTOR('',#1885,10.);
#537=VECTOR('',#1886,10.);
#538=VECTOR('',#1887,10.);
#539=VECTOR('',#1890,10.);
#540=VECTOR('',#1891,10.);
#541=VECTOR('',#1894,10.);
#542=VECTOR('',#1895,10.);
#543=VECTOR('',#1896,10.);
#544=VECTOR('',#1897,10.);
#545=VECTOR('',#1900,10.);
#546=VECTOR('',#1901,10.);
#547=VECTOR('',#1902,10.);
#548=VECTOR('',#1905,10.);
#549=VECTOR('',#1906,10.);
#550=VECTOR('',#1911,10.);
#551=VECTOR('',#1912,10.);
#552=VECTOR('',#1915,10.);
#553=VECTOR('',#1916,10.);
#554=VECTOR('',#1917,10.);
#555=VECTOR('',#1918,10.);
#556=VECTOR('',#1921,10.);
#557=VECTOR('',#1922,10.);
#558=VECTOR('',#1923,10.);
#559=VECTOR('',#1928,10.);
#560=VECTOR('',#1929,10.);
#561=VECTOR('',#1932,10.);
#562=VECTOR('',#1933,10.);
#563=VECTOR('',#1934,10.);
#564=VECTOR('',#1935,10.);
#565=VECTOR('',#1942,1.6);
#566=VECTOR('',#1947,1.6);
#567=VECTOR('',#1952,1.6);
#568=VECTOR('',#1955,10.);
#569=VECTOR('',#1956,10.);
#570=VECTOR('',#1959,10.);
#571=VECTOR('',#1962,10.);
#572=VECTOR('',#1963,10.);
#573=VECTOR('',#1966,10.);
#574=VECTOR('',#1967,10.);
#575=VECTOR('',#1968,10.);
#576=VECTOR('',#1969,10.);
#577=VECTOR('',#1970,10.);
#578=VECTOR('',#1971,10.);
#579=VECTOR('',#1972,10.);
#580=VECTOR('',#1975,10.);
#581=VECTOR('',#1976,10.);
#582=VECTOR('',#1979,10.);
#583=VECTOR('',#1980,10.);
#584=VECTOR('',#1983,10.);
#585=VECTOR('',#1986,10.);
#586=VECTOR('',#1993,2.3);
#587=VECTOR('',#2000,4.00000000000002);
#588=VECTOR('',#2011,2.29999999999997);
#589=VECTOR('',#2018,3.99999999999999);
#590=VECTOR('',#2029,2.3);
#591=VECTOR('',#2036,4.);
#592=VECTOR('',#2047,2.29999999999997);
#593=VECTOR('',#2054,3.99999999999999);
#594=VECTOR('',#2065,2.3);
#595=VECTOR('',#2072,4.);
#596=VECTOR('',#2083,1.6);
#597=VECTOR('',#2088,10.);
#598=VECTOR('',#2089,10.);
#599=VECTOR('',#2090,10.);
#600=VECTOR('',#2091,10.);
#601=VECTOR('',#2094,10.);
#602=VECTOR('',#2095,10.);
#603=VECTOR('',#2096,10.);
#604=VECTOR('',#2099,10.);
#605=VECTOR('',#2100,10.);
#606=VECTOR('',#2101,10.);
#607=VECTOR('',#2104,10.);
#608=VECTOR('',#2105,10.);
#609=VECTOR('',#2114,1.6);
#610=VECTOR('',#2119,10.);
#611=VECTOR('',#2120,10.);
#612=VECTOR('',#2121,10.);
#613=VECTOR('',#2122,10.);
#614=VECTOR('',#2125,10.);
#615=VECTOR('',#2126,10.);
#616=VECTOR('',#2127,10.);
#617=VECTOR('',#2130,10.);
#618=VECTOR('',#2131,10.);
#619=VECTOR('',#2132,10.);
#620=VECTOR('',#2135,10.);
#621=VECTOR('',#2136,10.);
#622=VECTOR('',#2145,1.6);
#623=VECTOR('',#2150,10.);
#624=VECTOR('',#2151,10.);
#625=VECTOR('',#2152,10.);
#626=VECTOR('',#2153,10.);
#627=VECTOR('',#2156,10.);
#628=VECTOR('',#2157,10.);
#629=VECTOR('',#2158,10.);
#630=VECTOR('',#2161,10.);
#631=VECTOR('',#2162,10.);
#632=VECTOR('',#2163,10.);
#633=VECTOR('',#2166,10.);
#634=VECTOR('',#2167,10.);
#635=VECTOR('',#2174,10.);
#636=VECTOR('',#2175,10.);
#637=VECTOR('',#2176,10.);
#638=VECTOR('',#2177,10.);
#639=VECTOR('',#2178,10.);
#640=VECTOR('',#2179,10.);
#641=VECTOR('',#2180,10.);
#642=VECTOR('',#2181,10.);
#643=VECTOR('',#2184,10.);
#644=VECTOR('',#2185,10.);
#645=VECTOR('',#2186,10.);
#646=VECTOR('',#2187,10.);
#647=VECTOR('',#2190,10.);
#648=VECTOR('',#2191,10.);
#649=VECTOR('',#2192,10.);
#650=VECTOR('',#2193,10.);
#651=VECTOR('',#2194,10.);
#652=VECTOR('',#2195,10.);
#653=VECTOR('',#2196,10.);
#654=VECTOR('',#2197,10.);
#655=VECTOR('',#2198,10.);
#656=VECTOR('',#2199,10.);
#657=VECTOR('',#2200,10.);
#658=VECTOR('',#2201,10.);
#659=VECTOR('',#2202,10.);
#660=VECTOR('',#2203,10.);
#661=VECTOR('',#2204,10.);
#662=VECTOR('',#2205,10.);
#663=VECTOR('',#2206,10.);
#664=VECTOR('',#2207,10.);
#665=VECTOR('',#2208,10.);
#666=VECTOR('',#2209,10.);
#667=VECTOR('',#2212,10.);
#668=VECTOR('',#2213,10.);
#669=VECTOR('',#2214,10.);
#670=VECTOR('',#2217,10.);
#671=VECTOR('',#2218,10.);
#672=VECTOR('',#2223,10.);
#673=VECTOR('',#2224,10.);
#674=VECTOR('',#2227,10.);
#675=VECTOR('',#2228,10.);
#676=VECTOR('',#2229,10.);
#677=VECTOR('',#2232,10.);
#678=VECTOR('',#2233,10.);
#679=VECTOR('',#2238,10.);
#680=VECTOR('',#2239,10.);
#681=VECTOR('',#2242,10.);
#682=VECTOR('',#2243,10.);
#683=VECTOR('',#2244,10.);
#684=VECTOR('',#2245,10.);
#685=VECTOR('',#2246,10.);
#686=VECTOR('',#2247,10.);
#687=VECTOR('',#2248,10.);
#688=VECTOR('',#2249,10.);
#689=VECTOR('',#2250,10.);
#690=VECTOR('',#2251,10.);
#691=VECTOR('',#2264,10.);
#692=VECTOR('',#2267,10.);
#693=VECTOR('',#2268,10.);
#694=VECTOR('',#2269,10.);
#695=VECTOR('',#2270,10.);
#696=VECTOR('',#2275,1.6);
#697=VECTOR('',#2278,1.6);
#698=VECTOR('',#2281,1.6);
#699=VECTOR('',#2284,10.);
#700=VECTOR('',#2285,10.);
#701=VECTOR('',#2288,10.);
#702=VECTOR('',#2289,10.);
#703=VECTOR('',#2292,10.);
#704=VECTOR('',#2297,10.);
#705=VECTOR('',#2298,10.);
#706=VECTOR('',#2301,10.);
#707=VECTOR('',#2304,10.);
#708=VECTOR('',#2305,10.);
#709=VECTOR('',#2308,10.);
#710=VERTEX_POINT('',#2319);
#711=VERTEX_POINT('',#2320);
#712=VERTEX_POINT('',#2322);
#713=VERTEX_POINT('',#2324);
#714=VERTEX_POINT('',#2326);
#715=VERTEX_POINT('',#2328);
#716=VERTEX_POINT('',#2330);
#717=VERTEX_POINT('',#2332);
#718=VERTEX_POINT('',#2336);
#719=VERTEX_POINT('',#2337);
#720=VERTEX_POINT('',#2342);
#721=VERTEX_POINT('',#2346);
#722=VERTEX_POINT('',#2348);
#723=VERTEX_POINT('',#2352);
#724=VERTEX_POINT('',#2356);
#725=VERTEX_POINT('',#2357);
#726=VERTEX_POINT('',#2359);
#727=VERTEX_POINT('',#2361);
#728=VERTEX_POINT('',#2365);
#729=VERTEX_POINT('',#2367);
#730=VERTEX_POINT('',#2371);
#731=VERTEX_POINT('',#2374);
#732=VERTEX_POINT('',#2377);
#733=VERTEX_POINT('',#2381);
#734=VERTEX_POINT('',#2382);
#735=VERTEX_POINT('',#2384);
#736=VERTEX_POINT('',#2386);
#737=VERTEX_POINT('',#2390);
#738=VERTEX_POINT('',#2391);
#739=VERTEX_POINT('',#2395);
#740=VERTEX_POINT('',#2398);
#741=VERTEX_POINT('',#2402);
#742=VERTEX_POINT('',#2403);
#743=VERTEX_POINT('',#2405);
#744=VERTEX_POINT('',#2407);
#745=VERTEX_POINT('',#2410);
#746=VERTEX_POINT('',#2413);
#747=VERTEX_POINT('',#2417);
#748=VERTEX_POINT('',#2421);
#749=VERTEX_POINT('',#2425);
#750=VERTEX_POINT('',#2431);
#751=VERTEX_POINT('',#2435);
#752=VERTEX_POINT('',#2436);
#753=VERTEX_POINT('',#2439);
#754=VERTEX_POINT('',#2446);
#755=VERTEX_POINT('',#2450);
#756=VERTEX_POINT('',#2459);
#757=VERTEX_POINT('',#2461);
#758=VERTEX_POINT('',#2465);
#759=VERTEX_POINT('',#2467);
#760=VERTEX_POINT('',#2473);
#761=VERTEX_POINT('',#2475);
#762=VERTEX_POINT('',#2479);
#763=VERTEX_POINT('',#2481);
#764=VERTEX_POINT('',#2487);
#765=VERTEX_POINT('',#2489);
#766=VERTEX_POINT('',#2493);
#767=VERTEX_POINT('',#2495);
#768=VERTEX_POINT('',#2501);
#769=VERTEX_POINT('',#2503);
#770=VERTEX_POINT('',#2507);
#771=VERTEX_POINT('',#2509);
#772=VERTEX_POINT('',#2515);
#773=VERTEX_POINT('',#2517);
#774=VERTEX_POINT('',#2521);
#775=VERTEX_POINT('',#2523);
#776=VERTEX_POINT('',#2529);
#777=VERTEX_POINT('',#2531);
#778=VERTEX_POINT('',#2535);
#779=VERTEX_POINT('',#2536);
#780=VERTEX_POINT('',#2538);
#781=VERTEX_POINT('',#2540);
#782=VERTEX_POINT('',#2544);
#783=VERTEX_POINT('',#2546);
#784=VERTEX_POINT('',#2550);
#785=VERTEX_POINT('',#2552);
#786=VERTEX_POINT('',#2561);
#787=VERTEX_POINT('',#2563);
#788=VERTEX_POINT('',#2567);
#789=VERTEX_POINT('',#2568);
#790=VERTEX_POINT('',#2570);
#791=VERTEX_POINT('',#2572);
#792=VERTEX_POINT('',#2576);
#793=VERTEX_POINT('',#2578);
#794=VERTEX_POINT('',#2582);
#795=VERTEX_POINT('',#2584);
#796=VERTEX_POINT('',#2593);
#797=VERTEX_POINT('',#2595);
#798=VERTEX_POINT('',#2599);
#799=VERTEX_POINT('',#2600);
#800=VERTEX_POINT('',#2602);
#801=VERTEX_POINT('',#2604);
#802=VERTEX_POINT('',#2608);
#803=VERTEX_POINT('',#2610);
#804=VERTEX_POINT('',#2614);
#805=VERTEX_POINT('',#2616);
#806=VERTEX_POINT('',#2625);
#807=VERTEX_POINT('',#2626);
#808=VERTEX_POINT('',#2628);
#809=VERTEX_POINT('',#2630);
#810=VERTEX_POINT('',#2632);
#811=VERTEX_POINT('',#2634);
#812=VERTEX_POINT('',#2636);
#813=VERTEX_POINT('',#2638);
#814=VERTEX_POINT('',#2642);
#815=VERTEX_POINT('',#2643);
#816=VERTEX_POINT('',#2645);
#817=VERTEX_POINT('',#2647);
#818=VERTEX_POINT('',#2651);
#819=VERTEX_POINT('',#2652);
#820=VERTEX_POINT('',#2654);
#821=VERTEX_POINT('',#2656);
#822=VERTEX_POINT('',#2658);
#823=VERTEX_POINT('',#2660);
#824=VERTEX_POINT('',#2662);
#825=VERTEX_POINT('',#2664);
#826=VERTEX_POINT('',#2666);
#827=VERTEX_POINT('',#2668);
#828=VERTEX_POINT('',#2670);
#829=VERTEX_POINT('',#2672);
#830=VERTEX_POINT('',#2674);
#831=VERTEX_POINT('',#2676);
#832=VERTEX_POINT('',#2678);
#833=VERTEX_POINT('',#2680);
#834=VERTEX_POINT('',#2682);
#835=VERTEX_POINT('',#2684);
#836=VERTEX_POINT('',#2686);
#837=VERTEX_POINT('',#2688);
#838=VERTEX_POINT('',#2692);
#839=VERTEX_POINT('',#2694);
#840=VERTEX_POINT('',#2698);
#841=VERTEX_POINT('',#2701);
#842=VERTEX_POINT('',#2704);
#843=VERTEX_POINT('',#2708);
#844=VERTEX_POINT('',#2710);
#845=VERTEX_POINT('',#2714);
#846=VERTEX_POINT('',#2717);
#847=VERTEX_POINT('',#2720);
#848=VERTEX_POINT('',#2726);
#849=VERTEX_POINT('',#2728);
#850=VERTEX_POINT('',#2732);
#851=VERTEX_POINT('',#2734);
#852=VERTEX_POINT('',#2738);
#853=VERTEX_POINT('',#2740);
#854=VERTEX_POINT('',#2742);
#855=VERTEX_POINT('',#2750);
#856=VERTEX_POINT('',#2755);
#857=VERTEX_POINT('',#2763);
#858=VERTEX_POINT('',#2767);
#859=VERTEX_POINT('',#2774);
#860=EDGE_CURVE('',#710,#711,#336,.T.);
#861=EDGE_CURVE('',#711,#712,#337,.T.);
#862=EDGE_CURVE('',#712,#713,#338,.T.);
#863=EDGE_CURVE('',#713,#714,#339,.T.);
#864=EDGE_CURVE('',#714,#715,#340,.T.);
#865=EDGE_CURVE('',#715,#716,#341,.T.);
#866=EDGE_CURVE('',#716,#717,#342,.T.);
#867=EDGE_CURVE('',#717,#710,#343,.T.);
#868=EDGE_CURVE('',#718,#719,#344,.T.);
#869=EDGE_CURVE('',#719,#717,#345,.T.);
#870=EDGE_CURVE('',#718,#716,#346,.T.);
#871=EDGE_CURVE('',#720,#715,#347,.T.);
#872=EDGE_CURVE('',#720,#718,#348,.T.);
#873=EDGE_CURVE('',#714,#721,#349,.T.);
#874=EDGE_CURVE('',#722,#713,#350,.T.);
#875=EDGE_CURVE('',#722,#721,#351,.T.);
#876=EDGE_CURVE('',#712,#723,#352,.T.);
#877=EDGE_CURVE('',#722,#723,#353,.T.);
#878=EDGE_CURVE('',#724,#725,#354,.T.);
#879=EDGE_CURVE('',#724,#726,#355,.T.);
#880=EDGE_CURVE('',#726,#727,#356,.T.);
#881=EDGE_CURVE('',#727,#725,#357,.T.);
#882=EDGE_CURVE('',#728,#724,#358,.T.);
#883=EDGE_CURVE('',#729,#728,#359,.T.);
#884=EDGE_CURVE('',#729,#726,#360,.T.);
#885=EDGE_CURVE('',#730,#729,#361,.T.);
#886=EDGE_CURVE('',#730,#727,#362,.T.);
#887=EDGE_CURVE('',#731,#731,#80,.T.);
#888=EDGE_CURVE('',#725,#732,#363,.T.);
#889=EDGE_CURVE('',#732,#730,#364,.T.);
#890=EDGE_CURVE('',#733,#734,#365,.T.);
#891=EDGE_CURVE('',#733,#735,#366,.T.);
#892=EDGE_CURVE('',#735,#736,#367,.T.);
#893=EDGE_CURVE('',#736,#734,#368,.T.);
#894=EDGE_CURVE('',#737,#738,#369,.T.);
#895=EDGE_CURVE('',#737,#736,#370,.T.);
#896=EDGE_CURVE('',#738,#735,#371,.T.);
#897=EDGE_CURVE('',#739,#739,#81,.T.);
#898=EDGE_CURVE('',#734,#740,#372,.T.);
#899=EDGE_CURVE('',#740,#737,#373,.T.);
#900=EDGE_CURVE('',#741,#742,#374,.T.);
#901=EDGE_CURVE('',#741,#743,#375,.T.);
#902=EDGE_CURVE('',#744,#743,#376,.T.);
#903=EDGE_CURVE('',#742,#744,#377,.T.);
#904=EDGE_CURVE('',#745,#745,#82,.T.);
#905=EDGE_CURVE('',#746,#746,#83,.T.);
#906=EDGE_CURVE('',#746,#731,#378,.T.);
#907=EDGE_CURVE('',#747,#747,#84,.T.);
#908=EDGE_CURVE('',#747,#739,#379,.T.);
#909=EDGE_CURVE('',#748,#748,#85,.T.);
#910=EDGE_CURVE('',#748,#745,#380,.T.);
#911=EDGE_CURVE('',#721,#749,#381,.T.);
#912=EDGE_CURVE('',#749,#723,#382,.T.);
#913=EDGE_CURVE('',#749,#711,#383,.T.);
#914=EDGE_CURVE('',#710,#750,#384,.T.);
#915=EDGE_CURVE('',#719,#750,#385,.T.);
#916=EDGE_CURVE('',#751,#752,#386,.T.);
#917=EDGE_CURVE('',#751,#741,#387,.T.);
#918=EDGE_CURVE('',#742,#753,#388,.T.);
#919=EDGE_CURVE('',#750,#753,#389,.T.);
#920=EDGE_CURVE('',#732,#720,#390,.T.);
#921=EDGE_CURVE('',#740,#728,#391,.T.);
#922=EDGE_CURVE('',#738,#752,#392,.T.);
#923=EDGE_CURVE('',#753,#754,#393,.T.);
#924=EDGE_CURVE('',#754,#744,#394,.T.);
#925=EDGE_CURVE('',#754,#755,#395,.T.);
#926=EDGE_CURVE('',#743,#755,#396,.T.);
#927=EDGE_CURVE('',#755,#751,#397,.T.);
#928=EDGE_CURVE('',#752,#733,#398,.T.);
#929=EDGE_CURVE('',#756,#756,#86,.T.);
#930=EDGE_CURVE('',#756,#757,#399,.T.);
#931=EDGE_CURVE('',#757,#757,#87,.T.);
#932=EDGE_CURVE('',#758,#758,#88,.T.);
#933=EDGE_CURVE('',#758,#759,#400,.T.);
#934=EDGE_CURVE('',#759,#759,#89,.T.);
#935=EDGE_CURVE('',#760,#760,#90,.T.);
#936=EDGE_CURVE('',#760,#761,#401,.T.);
#937=EDGE_CURVE('',#761,#761,#91,.T.);
#938=EDGE_CURVE('',#762,#762,#92,.T.);
#939=EDGE_CURVE('',#762,#763,#402,.T.);
#940=EDGE_CURVE('',#763,#763,#93,.T.);
#941=EDGE_CURVE('',#764,#764,#94,.T.);
#942=EDGE_CURVE('',#764,#765,#403,.T.);
#943=EDGE_CURVE('',#765,#765,#95,.T.);
#944=EDGE_CURVE('',#766,#766,#96,.T.);
#945=EDGE_CURVE('',#766,#767,#404,.T.);
#946=EDGE_CURVE('',#767,#767,#97,.T.);
#947=EDGE_CURVE('',#768,#768,#98,.T.);
#948=EDGE_CURVE('',#768,#769,#405,.T.);
#949=EDGE_CURVE('',#769,#769,#99,.T.);
#950=EDGE_CURVE('',#770,#770,#100,.T.);
#951=EDGE_CURVE('',#770,#771,#406,.T.);
#952=EDGE_CURVE('',#771,#771,#101,.T.);
#953=EDGE_CURVE('',#772,#772,#102,.T.);
#954=EDGE_CURVE('',#772,#773,#407,.T.);
#955=EDGE_CURVE('',#773,#773,#103,.T.);
#956=EDGE_CURVE('',#774,#774,#104,.T.);
#957=EDGE_CURVE('',#774,#775,#408,.T.);
#958=EDGE_CURVE('',#775,#775,#105,.T.);
#959=EDGE_CURVE('',#776,#776,#106,.T.);
#960=EDGE_CURVE('',#776,#777,#409,.T.);
#961=EDGE_CURVE('',#777,#777,#107,.T.);
#962=EDGE_CURVE('',#778,#779,#410,.T.);
#963=EDGE_CURVE('',#779,#780,#411,.T.);
#964=EDGE_CURVE('',#781,#780,#412,.T.);
#965=EDGE_CURVE('',#778,#781,#413,.T.);
#966=EDGE_CURVE('',#782,#778,#414,.T.);
#967=EDGE_CURVE('',#783,#781,#415,.T.);
#968=EDGE_CURVE('',#782,#783,#416,.T.);
#969=EDGE_CURVE('',#784,#782,#417,.T.);
#970=EDGE_CURVE('',#785,#783,#418,.T.);
#971=EDGE_CURVE('',#784,#785,#419,.T.);
#972=EDGE_CURVE('',#779,#784,#420,.T.);
#973=EDGE_CURVE('',#780,#785,#421,.T.);
#974=EDGE_CURVE('',#786,#786,#108,.T.);
#975=EDGE_CURVE('',#786,#787,#422,.T.);
#976=EDGE_CURVE('',#787,#787,#109,.T.);
#977=EDGE_CURVE('',#788,#789,#423,.T.);
#978=EDGE_CURVE('',#788,#790,#424,.T.);
#979=EDGE_CURVE('',#791,#790,#425,.T.);
#980=EDGE_CURVE('',#789,#791,#426,.T.);
#981=EDGE_CURVE('',#792,#789,#427,.T.);
#982=EDGE_CURVE('',#793,#791,#428,.T.);
#983=EDGE_CURVE('',#792,#793,#429,.T.);
#984=EDGE_CURVE('',#794,#792,#430,.T.);
#985=EDGE_CURVE('',#795,#793,#431,.T.);
#986=EDGE_CURVE('',#794,#795,#432,.T.);
#987=EDGE_CURVE('',#788,#794,#433,.T.);
#988=EDGE_CURVE('',#790,#795,#434,.T.);
#989=EDGE_CURVE('',#796,#796,#110,.T.);
#990=EDGE_CURVE('',#796,#797,#435,.T.);
#991=EDGE_CURVE('',#797,#797,#111,.T.);
#992=EDGE_CURVE('',#798,#799,#436,.T.);
#993=EDGE_CURVE('',#799,#800,#437,.T.);
#994=EDGE_CURVE('',#801,#800,#438,.T.);
#995=EDGE_CURVE('',#798,#801,#439,.T.);
#996=EDGE_CURVE('',#802,#798,#440,.T.);
#997=EDGE_CURVE('',#803,#801,#441,.T.);
#998=EDGE_CURVE('',#802,#803,#442,.T.);
#999=EDGE_CURVE('',#804,#802,#443,.T.);
#1000=EDGE_CURVE('',#805,#803,#444,.T.);
#1001=EDGE_CURVE('',#804,#805,#445,.T.);
#1002=EDGE_CURVE('',#799,#804,#446,.T.);
#1003=EDGE_CURVE('',#800,#805,#447,.T.);
#1004=EDGE_CURVE('',#806,#807,#448,.T.);
#1005=EDGE_CURVE('',#807,#808,#449,.T.);
#1006=EDGE_CURVE('',#808,#809,#450,.T.);
#1007=EDGE_CURVE('',#809,#810,#451,.T.);
#1008=EDGE_CURVE('',#810,#811,#452,.T.);
#1009=EDGE_CURVE('',#811,#812,#453,.T.);
#1010=EDGE_CURVE('',#812,#813,#454,.T.);
#1011=EDGE_CURVE('',#813,#806,#455,.T.);
#1012=EDGE_CURVE('',#814,#815,#456,.T.);
#1013=EDGE_CURVE('',#815,#816,#457,.T.);
#1014=EDGE_CURVE('',#816,#817,#458,.T.);
#1015=EDGE_CURVE('',#817,#814,#459,.T.);
#1016=EDGE_CURVE('',#818,#819,#460,.T.);
#1017=EDGE_CURVE('',#820,#819,#461,.T.);
#1018=EDGE_CURVE('',#821,#820,#462,.T.);
#1019=EDGE_CURVE('',#822,#821,#463,.T.);
#1020=EDGE_CURVE('',#822,#823,#464,.T.);
#1021=EDGE_CURVE('',#824,#823,#465,.T.);
#1022=EDGE_CURVE('',#825,#824,#466,.T.);
#1023=EDGE_CURVE('',#826,#825,#467,.T.);
#1024=EDGE_CURVE('',#826,#827,#468,.T.);
#1025=EDGE_CURVE('',#828,#827,#469,.T.);
#1026=EDGE_CURVE('',#829,#828,#470,.T.);
#1027=EDGE_CURVE('',#829,#830,#471,.T.);
#1028=EDGE_CURVE('',#831,#830,#472,.T.);
#1029=EDGE_CURVE('',#832,#831,#473,.T.);
#1030=EDGE_CURVE('',#833,#832,#474,.T.);
#1031=EDGE_CURVE('',#834,#833,#475,.T.);
#1032=EDGE_CURVE('',#834,#835,#476,.T.);
#1033=EDGE_CURVE('',#836,#835,#477,.T.);
#1034=EDGE_CURVE('',#837,#836,#478,.T.);
#1035=EDGE_CURVE('',#818,#837,#479,.T.);
#1036=EDGE_CURVE('',#825,#838,#480,.T.);
#1037=EDGE_CURVE('',#839,#838,#481,.T.);
#1038=EDGE_CURVE('',#839,#826,#482,.T.);
#1039=EDGE_CURVE('',#840,#824,#483,.T.);
#1040=EDGE_CURVE('',#838,#840,#484,.T.);
#1041=EDGE_CURVE('',#841,#841,#112,.T.);
#1042=EDGE_CURVE('',#823,#842,#485,.T.);
#1043=EDGE_CURVE('',#840,#842,#486,.T.);
#1044=EDGE_CURVE('',#843,#821,#487,.T.);
#1045=EDGE_CURVE('',#844,#843,#488,.T.);
#1046=EDGE_CURVE('',#844,#822,#489,.T.);
#1047=EDGE_CURVE('',#820,#845,#490,.T.);
#1048=EDGE_CURVE('',#843,#845,#491,.T.);
#1049=EDGE_CURVE('',#846,#846,#113,.T.);
#1050=EDGE_CURVE('',#819,#847,#492,.T.);
#1051=EDGE_CURVE('',#845,#847,#493,.T.);
#1052=EDGE_CURVE('',#842,#839,#494,.T.);
#1053=EDGE_CURVE('',#847,#844,#495,.T.);
#1054=EDGE_CURVE('',#848,#818,#496,.T.);
#1055=EDGE_CURVE('',#849,#848,#497,.T.);
#1056=EDGE_CURVE('',#835,#849,#498,.T.);
#1057=EDGE_CURVE('',#834,#807,#499,.T.);
#1058=EDGE_CURVE('',#850,#806,#500,.T.);
#1059=EDGE_CURVE('',#851,#850,#501,.T.);
#1060=EDGE_CURVE('',#851,#815,#502,.T.);
#1061=EDGE_CURVE('',#827,#814,#503,.T.);
#1062=EDGE_CURVE('',#852,#852,#114,.T.);
#1063=EDGE_CURVE('',#853,#853,#115,.T.);
#1064=EDGE_CURVE('',#854,#854,#116,.T.);
#1065=EDGE_CURVE('',#817,#828,#504,.T.);
#1066=EDGE_CURVE('',#829,#816,#505,.T.);
#1067=EDGE_CURVE('',#851,#855,#506,.T.);
#1068=EDGE_CURVE('',#855,#812,#507,.T.);
#1069=EDGE_CURVE('',#811,#830,#508,.T.);
#1070=EDGE_CURVE('',#856,#856,#117,.T.);
#1071=EDGE_CURVE('',#856,#852,#509,.T.);
#1072=EDGE_CURVE('',#846,#853,#510,.T.);
#1073=EDGE_CURVE('',#841,#854,#511,.T.);
#1074=EDGE_CURVE('',#857,#849,#512,.T.);
#1075=EDGE_CURVE('',#857,#836,#513,.T.);
#1076=EDGE_CURVE('',#858,#857,#514,.T.);
#1077=EDGE_CURVE('',#858,#837,#515,.T.);
#1078=EDGE_CURVE('',#848,#858,#516,.T.);
#1079=EDGE_CURVE('',#859,#813,#517,.T.);
#1080=EDGE_CURVE('',#859,#850,#518,.T.);
#1081=EDGE_CURVE('',#859,#855,#519,.T.);
#1082=EDGE_CURVE('',#831,#810,#520,.T.);
#1083=EDGE_CURVE('',#832,#809,#521,.T.);
#1084=EDGE_CURVE('',#833,#808,#522,.T.);
#1085=ORIENTED_EDGE('',*,*,#860,.T.);
#1086=ORIENTED_EDGE('',*,*,#861,.T.);
#1087=ORIENTED_EDGE('',*,*,#862,.T.);
#1088=ORIENTED_EDGE('',*,*,#863,.T.);
#1089=ORIENTED_EDGE('',*,*,#864,.T.);
#1090=ORIENTED_EDGE('',*,*,#865,.T.);
#1091=ORIENTED_EDGE('',*,*,#866,.T.);
#1092=ORIENTED_EDGE('',*,*,#867,.T.);
#1093=ORIENTED_EDGE('',*,*,#868,.T.);
#1094=ORIENTED_EDGE('',*,*,#869,.T.);
#1095=ORIENTED_EDGE('',*,*,#866,.F.);
#1096=ORIENTED_EDGE('',*,*,#870,.F.);
#1097=ORIENTED_EDGE('',*,*,#871,.F.);
#1098=ORIENTED_EDGE('',*,*,#872,.T.);
#1099=ORIENTED_EDGE('',*,*,#870,.T.);
#1100=ORIENTED_EDGE('',*,*,#865,.F.);
#1101=ORIENTED_EDGE('',*,*,#873,.F.);
#1102=ORIENTED_EDGE('',*,*,#863,.F.);
#1103=ORIENTED_EDGE('',*,*,#874,.F.);
#1104=ORIENTED_EDGE('',*,*,#875,.T.);
#1105=ORIENTED_EDGE('',*,*,#876,.T.);
#1106=ORIENTED_EDGE('',*,*,#877,.F.);
#1107=ORIENTED_EDGE('',*,*,#874,.T.);
#1108=ORIENTED_EDGE('',*,*,#862,.F.);
#1109=ORIENTED_EDGE('',*,*,#878,.F.);
#1110=ORIENTED_EDGE('',*,*,#879,.T.);
#1111=ORIENTED_EDGE('',*,*,#880,.T.);
#1112=ORIENTED_EDGE('',*,*,#881,.T.);
#1113=ORIENTED_EDGE('',*,*,#882,.F.);
#1114=ORIENTED_EDGE('',*,*,#883,.F.);
#1115=ORIENTED_EDGE('',*,*,#884,.T.);
#1116=ORIENTED_EDGE('',*,*,#879,.F.);
#1117=ORIENTED_EDGE('',*,*,#885,.F.);
#1118=ORIENTED_EDGE('',*,*,#886,.T.);
#1119=ORIENTED_EDGE('',*,*,#880,.F.);
#1120=ORIENTED_EDGE('',*,*,#884,.F.);
#1121=ORIENTED_EDGE('',*,*,#887,.T.);
#1122=ORIENTED_EDGE('',*,*,#888,.F.);
#1123=ORIENTED_EDGE('',*,*,#881,.F.);
#1124=ORIENTED_EDGE('',*,*,#886,.F.);
#1125=ORIENTED_EDGE('',*,*,#889,.F.);
#1126=ORIENTED_EDGE('',*,*,#890,.F.);
#1127=ORIENTED_EDGE('',*,*,#891,.T.);
#1128=ORIENTED_EDGE('',*,*,#892,.T.);
#1129=ORIENTED_EDGE('',*,*,#893,.T.);
#1130=ORIENTED_EDGE('',*,*,#894,.F.);
#1131=ORIENTED_EDGE('',*,*,#895,.T.);
#1132=ORIENTED_EDGE('',*,*,#892,.F.);
#1133=ORIENTED_EDGE('',*,*,#896,.F.);
#1134=ORIENTED_EDGE('',*,*,#897,.T.);
#1135=ORIENTED_EDGE('',*,*,#898,.F.);
#1136=ORIENTED_EDGE('',*,*,#893,.F.);
#1137=ORIENTED_EDGE('',*,*,#895,.F.);
#1138=ORIENTED_EDGE('',*,*,#899,.F.);
#1139=ORIENTED_EDGE('',*,*,#900,.F.);
#1140=ORIENTED_EDGE('',*,*,#901,.T.);
#1141=ORIENTED_EDGE('',*,*,#902,.F.);
#1142=ORIENTED_EDGE('',*,*,#903,.F.);
#1143=ORIENTED_EDGE('',*,*,#904,.T.);
#1144=ORIENTED_EDGE('',*,*,#905,.F.);
#1145=ORIENTED_EDGE('',*,*,#906,.T.);
#1146=ORIENTED_EDGE('',*,*,#887,.F.);
#1147=ORIENTED_EDGE('',*,*,#906,.F.);
#1148=ORIENTED_EDGE('',*,*,#907,.F.);
#1149=ORIENTED_EDGE('',*,*,#908,.T.);
#1150=ORIENTED_EDGE('',*,*,#897,.F.);
#1151=ORIENTED_EDGE('',*,*,#908,.F.);
#1152=ORIENTED_EDGE('',*,*,#909,.F.);
#1153=ORIENTED_EDGE('',*,*,#910,.T.);
#1154=ORIENTED_EDGE('',*,*,#904,.F.);
#1155=ORIENTED_EDGE('',*,*,#910,.F.);
#1156=ORIENTED_EDGE('',*,*,#911,.F.);
#1157=ORIENTED_EDGE('',*,*,#875,.F.);
#1158=ORIENTED_EDGE('',*,*,#877,.T.);
#1159=ORIENTED_EDGE('',*,*,#912,.F.);
#1160=ORIENTED_EDGE('',*,*,#913,.F.);
#1161=ORIENTED_EDGE('',*,*,#912,.T.);
#1162=ORIENTED_EDGE('',*,*,#876,.F.);
#1163=ORIENTED_EDGE('',*,*,#861,.F.);
#1164=ORIENTED_EDGE('',*,*,#914,.F.);
#1165=ORIENTED_EDGE('',*,*,#867,.F.);
#1166=ORIENTED_EDGE('',*,*,#869,.F.);
#1167=ORIENTED_EDGE('',*,*,#915,.T.);
#1168=ORIENTED_EDGE('',*,*,#916,.F.);
#1169=ORIENTED_EDGE('',*,*,#917,.T.);
#1170=ORIENTED_EDGE('',*,*,#900,.T.);
#1171=ORIENTED_EDGE('',*,*,#918,.T.);
#1172=ORIENTED_EDGE('',*,*,#919,.F.);
#1173=ORIENTED_EDGE('',*,*,#915,.F.);
#1174=ORIENTED_EDGE('',*,*,#868,.F.);
#1175=ORIENTED_EDGE('',*,*,#872,.F.);
#1176=ORIENTED_EDGE('',*,*,#920,.F.);
#1177=ORIENTED_EDGE('',*,*,#889,.T.);
#1178=ORIENTED_EDGE('',*,*,#885,.T.);
#1179=ORIENTED_EDGE('',*,*,#883,.T.);
#1180=ORIENTED_EDGE('',*,*,#921,.F.);
#1181=ORIENTED_EDGE('',*,*,#899,.T.);
#1182=ORIENTED_EDGE('',*,*,#894,.T.);
#1183=ORIENTED_EDGE('',*,*,#922,.T.);
#1184=ORIENTED_EDGE('',*,*,#923,.F.);
#1185=ORIENTED_EDGE('',*,*,#918,.F.);
#1186=ORIENTED_EDGE('',*,*,#903,.T.);
#1187=ORIENTED_EDGE('',*,*,#924,.F.);
#1188=ORIENTED_EDGE('',*,*,#925,.F.);
#1189=ORIENTED_EDGE('',*,*,#924,.T.);
#1190=ORIENTED_EDGE('',*,*,#902,.T.);
#1191=ORIENTED_EDGE('',*,*,#926,.T.);
#1192=ORIENTED_EDGE('',*,*,#927,.F.);
#1193=ORIENTED_EDGE('',*,*,#926,.F.);
#1194=ORIENTED_EDGE('',*,*,#901,.F.);
#1195=ORIENTED_EDGE('',*,*,#917,.F.);
#1196=ORIENTED_EDGE('',*,*,#928,.F.);
#1197=ORIENTED_EDGE('',*,*,#922,.F.);
#1198=ORIENTED_EDGE('',*,*,#896,.T.);
#1199=ORIENTED_EDGE('',*,*,#891,.F.);
#1200=ORIENTED_EDGE('',*,*,#911,.T.);
#1201=ORIENTED_EDGE('',*,*,#913,.T.);
#1202=ORIENTED_EDGE('',*,*,#860,.F.);
#1203=ORIENTED_EDGE('',*,*,#914,.T.);
#1204=ORIENTED_EDGE('',*,*,#919,.T.);
#1205=ORIENTED_EDGE('',*,*,#923,.T.);
#1206=ORIENTED_EDGE('',*,*,#925,.T.);
#1207=ORIENTED_EDGE('',*,*,#927,.T.);
#1208=ORIENTED_EDGE('',*,*,#916,.T.);
#1209=ORIENTED_EDGE('',*,*,#928,.T.);
#1210=ORIENTED_EDGE('',*,*,#890,.T.);
#1211=ORIENTED_EDGE('',*,*,#898,.T.);
#1212=ORIENTED_EDGE('',*,*,#921,.T.);
#1213=ORIENTED_EDGE('',*,*,#882,.T.);
#1214=ORIENTED_EDGE('',*,*,#878,.T.);
#1215=ORIENTED_EDGE('',*,*,#888,.T.);
#1216=ORIENTED_EDGE('',*,*,#920,.T.);
#1217=ORIENTED_EDGE('',*,*,#871,.T.);
#1218=ORIENTED_EDGE('',*,*,#864,.F.);
#1219=ORIENTED_EDGE('',*,*,#873,.T.);
#1220=ORIENTED_EDGE('',*,*,#909,.T.);
#1221=ORIENTED_EDGE('',*,*,#907,.T.);
#1222=ORIENTED_EDGE('',*,*,#905,.T.);
#1223=ORIENTED_EDGE('',*,*,#929,.F.);
#1224=ORIENTED_EDGE('',*,*,#930,.T.);
#1225=ORIENTED_EDGE('',*,*,#931,.T.);
#1226=ORIENTED_EDGE('',*,*,#930,.F.);
#1227=ORIENTED_EDGE('',*,*,#932,.F.);
#1228=ORIENTED_EDGE('',*,*,#933,.T.);
#1229=ORIENTED_EDGE('',*,*,#934,.T.);
#1230=ORIENTED_EDGE('',*,*,#933,.F.);
#1231=ORIENTED_EDGE('',*,*,#932,.T.);
#1232=ORIENTED_EDGE('',*,*,#929,.T.);
#1233=ORIENTED_EDGE('',*,*,#934,.F.);
#1234=ORIENTED_EDGE('',*,*,#931,.F.);
#1235=ORIENTED_EDGE('',*,*,#935,.F.);
#1236=ORIENTED_EDGE('',*,*,#936,.T.);
#1237=ORIENTED_EDGE('',*,*,#937,.T.);
#1238=ORIENTED_EDGE('',*,*,#936,.F.);
#1239=ORIENTED_EDGE('',*,*,#938,.F.);
#1240=ORIENTED_EDGE('',*,*,#939,.T.);
#1241=ORIENTED_EDGE('',*,*,#940,.T.);
#1242=ORIENTED_EDGE('',*,*,#939,.F.);
#1243=ORIENTED_EDGE('',*,*,#938,.T.);
#1244=ORIENTED_EDGE('',*,*,#935,.T.);
#1245=ORIENTED_EDGE('',*,*,#940,.F.);
#1246=ORIENTED_EDGE('',*,*,#937,.F.);
#1247=ORIENTED_EDGE('',*,*,#941,.F.);
#1248=ORIENTED_EDGE('',*,*,#942,.T.);
#1249=ORIENTED_EDGE('',*,*,#943,.T.);
#1250=ORIENTED_EDGE('',*,*,#942,.F.);
#1251=ORIENTED_EDGE('',*,*,#944,.F.);
#1252=ORIENTED_EDGE('',*,*,#945,.T.);
#1253=ORIENTED_EDGE('',*,*,#946,.T.);
#1254=ORIENTED_EDGE('',*,*,#945,.F.);
#1255=ORIENTED_EDGE('',*,*,#944,.T.);
#1256=ORIENTED_EDGE('',*,*,#941,.T.);
#1257=ORIENTED_EDGE('',*,*,#946,.F.);
#1258=ORIENTED_EDGE('',*,*,#943,.F.);
#1259=ORIENTED_EDGE('',*,*,#947,.F.);
#1260=ORIENTED_EDGE('',*,*,#948,.T.);
#1261=ORIENTED_EDGE('',*,*,#949,.T.);
#1262=ORIENTED_EDGE('',*,*,#948,.F.);
#1263=ORIENTED_EDGE('',*,*,#950,.F.);
#1264=ORIENTED_EDGE('',*,*,#951,.T.);
#1265=ORIENTED_EDGE('',*,*,#952,.T.);
#1266=ORIENTED_EDGE('',*,*,#951,.F.);
#1267=ORIENTED_EDGE('',*,*,#950,.T.);
#1268=ORIENTED_EDGE('',*,*,#947,.T.);
#1269=ORIENTED_EDGE('',*,*,#952,.F.);
#1270=ORIENTED_EDGE('',*,*,#949,.F.);
#1271=ORIENTED_EDGE('',*,*,#953,.F.);
#1272=ORIENTED_EDGE('',*,*,#954,.T.);
#1273=ORIENTED_EDGE('',*,*,#955,.T.);
#1274=ORIENTED_EDGE('',*,*,#954,.F.);
#1275=ORIENTED_EDGE('',*,*,#956,.F.);
#1276=ORIENTED_EDGE('',*,*,#957,.T.);
#1277=ORIENTED_EDGE('',*,*,#958,.T.);
#1278=ORIENTED_EDGE('',*,*,#957,.F.);
#1279=ORIENTED_EDGE('',*,*,#956,.T.);
#1280=ORIENTED_EDGE('',*,*,#953,.T.);
#1281=ORIENTED_EDGE('',*,*,#958,.F.);
#1282=ORIENTED_EDGE('',*,*,#955,.F.);
#1283=ORIENTED_EDGE('',*,*,#959,.F.);
#1284=ORIENTED_EDGE('',*,*,#960,.T.);
#1285=ORIENTED_EDGE('',*,*,#961,.F.);
#1286=ORIENTED_EDGE('',*,*,#960,.F.);
#1287=ORIENTED_EDGE('',*,*,#962,.T.);
#1288=ORIENTED_EDGE('',*,*,#963,.T.);
#1289=ORIENTED_EDGE('',*,*,#964,.F.);
#1290=ORIENTED_EDGE('',*,*,#965,.F.);
#1291=ORIENTED_EDGE('',*,*,#959,.T.);
#1292=ORIENTED_EDGE('',*,*,#966,.T.);
#1293=ORIENTED_EDGE('',*,*,#965,.T.);
#1294=ORIENTED_EDGE('',*,*,#967,.F.);
#1295=ORIENTED_EDGE('',*,*,#968,.F.);
#1296=ORIENTED_EDGE('',*,*,#969,.T.);
#1297=ORIENTED_EDGE('',*,*,#968,.T.);
#1298=ORIENTED_EDGE('',*,*,#970,.F.);
#1299=ORIENTED_EDGE('',*,*,#971,.F.);
#1300=ORIENTED_EDGE('',*,*,#961,.T.);
#1301=ORIENTED_EDGE('',*,*,#972,.T.);
#1302=ORIENTED_EDGE('',*,*,#971,.T.);
#1303=ORIENTED_EDGE('',*,*,#973,.F.);
#1304=ORIENTED_EDGE('',*,*,#963,.F.);
#1305=ORIENTED_EDGE('',*,*,#973,.T.);
#1306=ORIENTED_EDGE('',*,*,#970,.T.);
#1307=ORIENTED_EDGE('',*,*,#967,.T.);
#1308=ORIENTED_EDGE('',*,*,#964,.T.);
#1309=ORIENTED_EDGE('',*,*,#972,.F.);
#1310=ORIENTED_EDGE('',*,*,#962,.F.);
#1311=ORIENTED_EDGE('',*,*,#966,.F.);
#1312=ORIENTED_EDGE('',*,*,#969,.F.);
#1313=ORIENTED_EDGE('',*,*,#974,.F.);
#1314=ORIENTED_EDGE('',*,*,#975,.T.);
#1315=ORIENTED_EDGE('',*,*,#976,.F.);
#1316=ORIENTED_EDGE('',*,*,#975,.F.);
#1317=ORIENTED_EDGE('',*,*,#977,.F.);
#1318=ORIENTED_EDGE('',*,*,#978,.T.);
#1319=ORIENTED_EDGE('',*,*,#979,.F.);
#1320=ORIENTED_EDGE('',*,*,#980,.F.);
#1321=ORIENTED_EDGE('',*,*,#974,.T.);
#1322=ORIENTED_EDGE('',*,*,#981,.T.);
#1323=ORIENTED_EDGE('',*,*,#980,.T.);
#1324=ORIENTED_EDGE('',*,*,#982,.F.);
#1325=ORIENTED_EDGE('',*,*,#983,.F.);
#1326=ORIENTED_EDGE('',*,*,#984,.T.);
#1327=ORIENTED_EDGE('',*,*,#983,.T.);
#1328=ORIENTED_EDGE('',*,*,#985,.F.);
#1329=ORIENTED_EDGE('',*,*,#986,.F.);
#1330=ORIENTED_EDGE('',*,*,#976,.T.);
#1331=ORIENTED_EDGE('',*,*,#987,.T.);
#1332=ORIENTED_EDGE('',*,*,#986,.T.);
#1333=ORIENTED_EDGE('',*,*,#988,.F.);
#1334=ORIENTED_EDGE('',*,*,#978,.F.);
#1335=ORIENTED_EDGE('',*,*,#988,.T.);
#1336=ORIENTED_EDGE('',*,*,#985,.T.);
#1337=ORIENTED_EDGE('',*,*,#982,.T.);
#1338=ORIENTED_EDGE('',*,*,#979,.T.);
#1339=ORIENTED_EDGE('',*,*,#987,.F.);
#1340=ORIENTED_EDGE('',*,*,#977,.T.);
#1341=ORIENTED_EDGE('',*,*,#981,.F.);
#1342=ORIENTED_EDGE('',*,*,#984,.F.);
#1343=ORIENTED_EDGE('',*,*,#989,.F.);
#1344=ORIENTED_EDGE('',*,*,#990,.T.);
#1345=ORIENTED_EDGE('',*,*,#991,.F.);
#1346=ORIENTED_EDGE('',*,*,#990,.F.);
#1347=ORIENTED_EDGE('',*,*,#992,.T.);
#1348=ORIENTED_EDGE('',*,*,#993,.T.);
#1349=ORIENTED_EDGE('',*,*,#994,.F.);
#1350=ORIENTED_EDGE('',*,*,#995,.F.);
#1351=ORIENTED_EDGE('',*,*,#989,.T.);
#1352=ORIENTED_EDGE('',*,*,#996,.T.);
#1353=ORIENTED_EDGE('',*,*,#995,.T.);
#1354=ORIENTED_EDGE('',*,*,#997,.F.);
#1355=ORIENTED_EDGE('',*,*,#998,.F.);
#1356=ORIENTED_EDGE('',*,*,#999,.T.);
#1357=ORIENTED_EDGE('',*,*,#998,.T.);
#1358=ORIENTED_EDGE('',*,*,#1000,.F.);
#1359=ORIENTED_EDGE('',*,*,#1001,.F.);
#1360=ORIENTED_EDGE('',*,*,#991,.T.);
#1361=ORIENTED_EDGE('',*,*,#1002,.T.);
#1362=ORIENTED_EDGE('',*,*,#1001,.T.);
#1363=ORIENTED_EDGE('',*,*,#1003,.F.);
#1364=ORIENTED_EDGE('',*,*,#993,.F.);
#1365=ORIENTED_EDGE('',*,*,#1003,.T.);
#1366=ORIENTED_EDGE('',*,*,#1000,.T.);
#1367=ORIENTED_EDGE('',*,*,#997,.T.);
#1368=ORIENTED_EDGE('',*,*,#994,.T.);
#1369=ORIENTED_EDGE('',*,*,#1002,.F.);
#1370=ORIENTED_EDGE('',*,*,#992,.F.);
#1371=ORIENTED_EDGE('',*,*,#996,.F.);
#1372=ORIENTED_EDGE('',*,*,#999,.F.);
#1373=ORIENTED_EDGE('',*,*,#1004,.T.);
#1374=ORIENTED_EDGE('',*,*,#1005,.T.);
#1375=ORIENTED_EDGE('',*,*,#1006,.T.);
#1376=ORIENTED_EDGE('',*,*,#1007,.T.);
#1377=ORIENTED_EDGE('',*,*,#1008,.T.);
#1378=ORIENTED_EDGE('',*,*,#1009,.T.);
#1379=ORIENTED_EDGE('',*,*,#1010,.T.);
#1380=ORIENTED_EDGE('',*,*,#1011,.T.);
#1381=ORIENTED_EDGE('',*,*,#1012,.T.);
#1382=ORIENTED_EDGE('',*,*,#1013,.T.);
#1383=ORIENTED_EDGE('',*,*,#1014,.T.);
#1384=ORIENTED_EDGE('',*,*,#1015,.T.);
#1385=ORIENTED_EDGE('',*,*,#1016,.T.);
#1386=ORIENTED_EDGE('',*,*,#1017,.F.);
#1387=ORIENTED_EDGE('',*,*,#1018,.F.);
#1388=ORIENTED_EDGE('',*,*,#1019,.F.);
#1389=ORIENTED_EDGE('',*,*,#1020,.T.);
#1390=ORIENTED_EDGE('',*,*,#1021,.F.);
#1391=ORIENTED_EDGE('',*,*,#1022,.F.);
#1392=ORIENTED_EDGE('',*,*,#1023,.F.);
#1393=ORIENTED_EDGE('',*,*,#1024,.T.);
#1394=ORIENTED_EDGE('',*,*,#1025,.F.);
#1395=ORIENTED_EDGE('',*,*,#1026,.F.);
#1396=ORIENTED_EDGE('',*,*,#1027,.T.);
#1397=ORIENTED_EDGE('',*,*,#1028,.F.);
#1398=ORIENTED_EDGE('',*,*,#1029,.F.);
#1399=ORIENTED_EDGE('',*,*,#1030,.F.);
#1400=ORIENTED_EDGE('',*,*,#1031,.F.);
#1401=ORIENTED_EDGE('',*,*,#1032,.T.);
#1402=ORIENTED_EDGE('',*,*,#1033,.F.);
#1403=ORIENTED_EDGE('',*,*,#1034,.F.);
#1404=ORIENTED_EDGE('',*,*,#1035,.F.);
#1405=ORIENTED_EDGE('',*,*,#1023,.T.);
#1406=ORIENTED_EDGE('',*,*,#1036,.T.);
#1407=ORIENTED_EDGE('',*,*,#1037,.F.);
#1408=ORIENTED_EDGE('',*,*,#1038,.T.);
#1409=ORIENTED_EDGE('',*,*,#1022,.T.);
#1410=ORIENTED_EDGE('',*,*,#1039,.F.);
#1411=ORIENTED_EDGE('',*,*,#1040,.F.);
#1412=ORIENTED_EDGE('',*,*,#1036,.F.);
#1413=ORIENTED_EDGE('',*,*,#1041,.T.);
#1414=ORIENTED_EDGE('',*,*,#1021,.T.);
#1415=ORIENTED_EDGE('',*,*,#1042,.T.);
#1416=ORIENTED_EDGE('',*,*,#1043,.F.);
#1417=ORIENTED_EDGE('',*,*,#1039,.T.);
#1418=ORIENTED_EDGE('',*,*,#1019,.T.);
#1419=ORIENTED_EDGE('',*,*,#1044,.F.);
#1420=ORIENTED_EDGE('',*,*,#1045,.F.);
#1421=ORIENTED_EDGE('',*,*,#1046,.T.);
#1422=ORIENTED_EDGE('',*,*,#1018,.T.);
#1423=ORIENTED_EDGE('',*,*,#1047,.T.);
#1424=ORIENTED_EDGE('',*,*,#1048,.F.);
#1425=ORIENTED_EDGE('',*,*,#1044,.T.);
#1426=ORIENTED_EDGE('',*,*,#1049,.T.);
#1427=ORIENTED_EDGE('',*,*,#1017,.T.);
#1428=ORIENTED_EDGE('',*,*,#1050,.T.);
#1429=ORIENTED_EDGE('',*,*,#1051,.F.);
#1430=ORIENTED_EDGE('',*,*,#1047,.F.);
#1431=ORIENTED_EDGE('',*,*,#1024,.F.);
#1432=ORIENTED_EDGE('',*,*,#1038,.F.);
#1433=ORIENTED_EDGE('',*,*,#1052,.F.);
#1434=ORIENTED_EDGE('',*,*,#1042,.F.);
#1435=ORIENTED_EDGE('',*,*,#1020,.F.);
#1436=ORIENTED_EDGE('',*,*,#1046,.F.);
#1437=ORIENTED_EDGE('',*,*,#1053,.F.);
#1438=ORIENTED_EDGE('',*,*,#1050,.F.);
#1439=ORIENTED_EDGE('',*,*,#1016,.F.);
#1440=ORIENTED_EDGE('',*,*,#1054,.F.);
#1441=ORIENTED_EDGE('',*,*,#1055,.F.);
#1442=ORIENTED_EDGE('',*,*,#1056,.F.);
#1443=ORIENTED_EDGE('',*,*,#1032,.F.);
#1444=ORIENTED_EDGE('',*,*,#1057,.T.);
#1445=ORIENTED_EDGE('',*,*,#1004,.F.);
#1446=ORIENTED_EDGE('',*,*,#1058,.F.);
#1447=ORIENTED_EDGE('',*,*,#1059,.F.);
#1448=ORIENTED_EDGE('',*,*,#1060,.T.);
#1449=ORIENTED_EDGE('',*,*,#1012,.F.);
#1450=ORIENTED_EDGE('',*,*,#1061,.F.);
#1451=ORIENTED_EDGE('',*,*,#1062,.F.);
#1452=ORIENTED_EDGE('',*,*,#1063,.F.);
#1453=ORIENTED_EDGE('',*,*,#1064,.F.);
#1454=ORIENTED_EDGE('',*,*,#1053,.T.);
#1455=ORIENTED_EDGE('',*,*,#1045,.T.);
#1456=ORIENTED_EDGE('',*,*,#1048,.T.);
#1457=ORIENTED_EDGE('',*,*,#1051,.T.);
#1458=ORIENTED_EDGE('',*,*,#1052,.T.);
#1459=ORIENTED_EDGE('',*,*,#1037,.T.);
#1460=ORIENTED_EDGE('',*,*,#1040,.T.);
#1461=ORIENTED_EDGE('',*,*,#1043,.T.);
#1462=ORIENTED_EDGE('',*,*,#1025,.T.);
#1463=ORIENTED_EDGE('',*,*,#1061,.T.);
#1464=ORIENTED_EDGE('',*,*,#1015,.F.);
#1465=ORIENTED_EDGE('',*,*,#1065,.T.);
#1466=ORIENTED_EDGE('',*,*,#1066,.T.);
#1467=ORIENTED_EDGE('',*,*,#1013,.F.);
#1468=ORIENTED_EDGE('',*,*,#1060,.F.);
#1469=ORIENTED_EDGE('',*,*,#1067,.T.);
#1470=ORIENTED_EDGE('',*,*,#1068,.T.);
#1471=ORIENTED_EDGE('',*,*,#1009,.F.);
#1472=ORIENTED_EDGE('',*,*,#1069,.T.);
#1473=ORIENTED_EDGE('',*,*,#1027,.F.);
#1474=ORIENTED_EDGE('',*,*,#1070,.F.);
#1475=ORIENTED_EDGE('',*,*,#1071,.T.);
#1476=ORIENTED_EDGE('',*,*,#1062,.T.);
#1477=ORIENTED_EDGE('',*,*,#1071,.F.);
#1478=ORIENTED_EDGE('',*,*,#1049,.F.);
#1479=ORIENTED_EDGE('',*,*,#1072,.T.);
#1480=ORIENTED_EDGE('',*,*,#1063,.T.);
#1481=ORIENTED_EDGE('',*,*,#1072,.F.);
#1482=ORIENTED_EDGE('',*,*,#1041,.F.);
#1483=ORIENTED_EDGE('',*,*,#1073,.T.);
#1484=ORIENTED_EDGE('',*,*,#1064,.T.);
#1485=ORIENTED_EDGE('',*,*,#1073,.F.);
#1486=ORIENTED_EDGE('',*,*,#1033,.T.);
#1487=ORIENTED_EDGE('',*,*,#1056,.T.);
#1488=ORIENTED_EDGE('',*,*,#1074,.F.);
#1489=ORIENTED_EDGE('',*,*,#1075,.T.);
#1490=ORIENTED_EDGE('',*,*,#1034,.T.);
#1491=ORIENTED_EDGE('',*,*,#1075,.F.);
#1492=ORIENTED_EDGE('',*,*,#1076,.F.);
#1493=ORIENTED_EDGE('',*,*,#1077,.T.);
#1494=ORIENTED_EDGE('',*,*,#1070,.T.);
#1495=ORIENTED_EDGE('',*,*,#1035,.T.);
#1496=ORIENTED_EDGE('',*,*,#1077,.F.);
#1497=ORIENTED_EDGE('',*,*,#1078,.F.);
#1498=ORIENTED_EDGE('',*,*,#1054,.T.);
#1499=ORIENTED_EDGE('',*,*,#1055,.T.);
#1500=ORIENTED_EDGE('',*,*,#1078,.T.);
#1501=ORIENTED_EDGE('',*,*,#1076,.T.);
#1502=ORIENTED_EDGE('',*,*,#1074,.T.);
#1503=ORIENTED_EDGE('',*,*,#1058,.T.);
#1504=ORIENTED_EDGE('',*,*,#1011,.F.);
#1505=ORIENTED_EDGE('',*,*,#1079,.F.);
#1506=ORIENTED_EDGE('',*,*,#1080,.T.);
#1507=ORIENTED_EDGE('',*,*,#1079,.T.);
#1508=ORIENTED_EDGE('',*,*,#1010,.F.);
#1509=ORIENTED_EDGE('',*,*,#1068,.F.);
#1510=ORIENTED_EDGE('',*,*,#1081,.F.);
#1511=ORIENTED_EDGE('',*,*,#1029,.T.);
#1512=ORIENTED_EDGE('',*,*,#1082,.T.);
#1513=ORIENTED_EDGE('',*,*,#1007,.F.);
#1514=ORIENTED_EDGE('',*,*,#1083,.F.);
#1515=ORIENTED_EDGE('',*,*,#1031,.T.);
#1516=ORIENTED_EDGE('',*,*,#1084,.T.);
#1517=ORIENTED_EDGE('',*,*,#1005,.F.);
#1518=ORIENTED_EDGE('',*,*,#1057,.F.);
#1519=ORIENTED_EDGE('',*,*,#1030,.T.);
#1520=ORIENTED_EDGE('',*,*,#1083,.T.);
#1521=ORIENTED_EDGE('',*,*,#1006,.F.);
#1522=ORIENTED_EDGE('',*,*,#1084,.F.);
#1523=ORIENTED_EDGE('',*,*,#1059,.T.);
#1524=ORIENTED_EDGE('',*,*,#1080,.F.);
#1525=ORIENTED_EDGE('',*,*,#1081,.T.);
#1526=ORIENTED_EDGE('',*,*,#1067,.F.);
#1527=ORIENTED_EDGE('',*,*,#1026,.T.);
#1528=ORIENTED_EDGE('',*,*,#1065,.F.);
#1529=ORIENTED_EDGE('',*,*,#1014,.F.);
#1530=ORIENTED_EDGE('',*,*,#1066,.F.);
#1531=ORIENTED_EDGE('',*,*,#1028,.T.);
#1532=ORIENTED_EDGE('',*,*,#1069,.F.);
#1533=ORIENTED_EDGE('',*,*,#1008,.F.);
#1534=ORIENTED_EDGE('',*,*,#1082,.F.);
#1535=PLANE('',#1729);
#1536=PLANE('',#1730);
#1537=PLANE('',#1731);
#1538=PLANE('',#1732);
#1539=PLANE('',#1733);
#1540=PLANE('',#1734);
#1541=PLANE('',#1735);
#1542=PLANE('',#1736);
#1543=PLANE('',#1738);
#1544=PLANE('',#1739);
#1545=PLANE('',#1740);
#1546=PLANE('',#1742);
#1547=PLANE('',#1743);
#1548=PLANE('',#1751);
#1549=PLANE('',#1752);
#1550=PLANE('',#1753);
#1551=PLANE('',#1754);
#1552=PLANE('',#1755);
#1553=PLANE('',#1756);
#1554=PLANE('',#1757);
#1555=PLANE('',#1758);
#1556=PLANE('',#1759);
#1557=PLANE('',#1766);
#1558=PLANE('',#1767);
#1559=PLANE('',#1774);
#1560=PLANE('',#1775);
#1561=PLANE('',#1782);
#1562=PLANE('',#1783);
#1563=PLANE('',#1790);
#1564=PLANE('',#1791);
#1565=PLANE('',#1798);
#1566=PLANE('',#1799);
#1567=PLANE('',#1803);
#1568=PLANE('',#1804);
#1569=PLANE('',#1805);
#1570=PLANE('',#1806);
#1571=PLANE('',#1807);
#1572=PLANE('',#1808);
#1573=PLANE('',#1812);
#1574=PLANE('',#1813);
#1575=PLANE('',#1814);
#1576=PLANE('',#1815);
#1577=PLANE('',#1816);
#1578=PLANE('',#1817);
#1579=PLANE('',#1821);
#1580=PLANE('',#1822);
#1581=PLANE('',#1823);
#1582=PLANE('',#1824);
#1583=PLANE('',#1825);
#1584=PLANE('',#1826);
#1585=PLANE('',#1827);
#1586=PLANE('',#1828);
#1587=PLANE('',#1829);
#1588=PLANE('',#1830);
#1589=PLANE('',#1831);
#1590=PLANE('',#1833);
#1591=PLANE('',#1834);
#1592=PLANE('',#1835);
#1593=PLANE('',#1837);
#1594=PLANE('',#1838);
#1595=PLANE('',#1842);
#1596=PLANE('',#1843);
#1597=PLANE('',#1844);
#1598=PLANE('',#1845);
#1599=PLANE('',#1850);
#1600=PLANE('',#1851);
#1601=PLANE('',#1852);
#1602=PLANE('',#1853);
#1603=PLANE('',#1854);
#1604=PLANE('',#1855);
#1605=PLANE('',#1856);
#1606=PLANE('',#1857);
#1607=PLANE('',#1858);
#1608=PLANE('',#1859);
#1609=PLANE('',#1860);
#1610=PLANE('',#1861);
#1611=ADVANCED_FACE('',(#118),#1535,.T.);
#1612=ADVANCED_FACE('',(#119),#1536,.T.);
#1613=ADVANCED_FACE('',(#120),#1537,.T.);
#1614=ADVANCED_FACE('',(#121),#1538,.F.);
#1615=ADVANCED_FACE('',(#122),#1539,.F.);
#1616=ADVANCED_FACE('',(#123),#1540,.T.);
#1617=ADVANCED_FACE('',(#124),#1541,.T.);
#1618=ADVANCED_FACE('',(#125,#52),#1542,.T.);
#1619=ADVANCED_FACE('',(#126),#1543,.T.);
#1620=ADVANCED_FACE('',(#127),#1544,.T.);
#1621=ADVANCED_FACE('',(#128,#53),#1545,.T.);
#1622=ADVANCED_FACE('',(#129),#1546,.T.);
#1623=ADVANCED_FACE('',(#130,#54),#1547,.T.);
#1624=ADVANCED_FACE('',(#131),#33,.F.);
#1625=ADVANCED_FACE('',(#132),#34,.F.);
#1626=ADVANCED_FACE('',(#133),#35,.F.);
#1627=ADVANCED_FACE('',(#134),#1548,.F.);
#1628=ADVANCED_FACE('',(#135),#1549,.F.);
#1629=ADVANCED_FACE('',(#136),#1550,.T.);
#1630=ADVANCED_FACE('',(#137),#1551,.T.);
#1631=ADVANCED_FACE('',(#138),#1552,.T.);
#1632=ADVANCED_FACE('',(#139),#1553,.T.);
#1633=ADVANCED_FACE('',(#140),#1554,.T.);
#1634=ADVANCED_FACE('',(#141),#1555,.T.);
#1635=ADVANCED_FACE('',(#142,#55,#56,#57),#1556,.T.);
#1636=ADVANCED_FACE('',(#143),#36,.F.);
#1637=ADVANCED_FACE('',(#144),#37,.T.);
#1638=ADVANCED_FACE('',(#145,#58),#1557,.T.);
#1639=ADVANCED_FACE('',(#146,#59),#1558,.F.);
#1640=ADVANCED_FACE('',(#147),#38,.F.);
#1641=ADVANCED_FACE('',(#148),#39,.T.);
#1642=ADVANCED_FACE('',(#149,#60),#1559,.T.);
#1643=ADVANCED_FACE('',(#150,#61),#1560,.F.);
#1644=ADVANCED_FACE('',(#151),#40,.F.);
#1645=ADVANCED_FACE('',(#152),#41,.T.);
#1646=ADVANCED_FACE('',(#153,#62),#1561,.T.);
#1647=ADVANCED_FACE('',(#154,#63),#1562,.F.);
#1648=ADVANCED_FACE('',(#155),#42,.F.);
#1649=ADVANCED_FACE('',(#156),#43,.T.);
#1650=ADVANCED_FACE('',(#157,#64),#1563,.T.);
#1651=ADVANCED_FACE('',(#158,#65),#1564,.F.);
#1652=ADVANCED_FACE('',(#159),#44,.F.);
#1653=ADVANCED_FACE('',(#160),#45,.T.);
#1654=ADVANCED_FACE('',(#161,#66),#1565,.T.);
#1655=ADVANCED_FACE('',(#162,#67),#1566,.F.);
#1656=ADVANCED_FACE('',(#163),#46,.F.);
#1657=ADVANCED_FACE('',(#164,#68),#1567,.T.);
#1658=ADVANCED_FACE('',(#165),#1568,.T.);
#1659=ADVANCED_FACE('',(#166,#69),#1569,.T.);
#1660=ADVANCED_FACE('',(#167),#1570,.T.);
#1661=ADVANCED_FACE('',(#168),#1571,.T.);
#1662=ADVANCED_FACE('',(#169),#1572,.F.);
#1663=ADVANCED_FACE('',(#170),#47,.F.);
#1664=ADVANCED_FACE('',(#171,#70),#1573,.T.);
#1665=ADVANCED_FACE('',(#172),#1574,.T.);
#1666=ADVANCED_FACE('',(#173,#71),#1575,.T.);
#1667=ADVANCED_FACE('',(#174),#1576,.T.);
#1668=ADVANCED_FACE('',(#175),#1577,.T.);
#1669=ADVANCED_FACE('',(#176),#1578,.F.);
#1670=ADVANCED_FACE('',(#177),#48,.F.);
#1671=ADVANCED_FACE('',(#178,#72),#1579,.T.);
#1672=ADVANCED_FACE('',(#179),#1580,.T.);
#1673=ADVANCED_FACE('',(#180,#73),#1581,.T.);
#1674=ADVANCED_FACE('',(#181),#1582,.T.);
#1675=ADVANCED_FACE('',(#182),#1583,.T.);
#1676=ADVANCED_FACE('',(#183),#1584,.F.);
#1677=ADVANCED_FACE('',(#184),#1585,.T.);
#1678=ADVANCED_FACE('',(#185),#1586,.T.);
#1679=ADVANCED_FACE('',(#186),#1587,.T.);
#1680=ADVANCED_FACE('',(#187),#1588,.T.);
#1681=ADVANCED_FACE('',(#188,#74),#1589,.T.);
#1682=ADVANCED_FACE('',(#189),#1590,.T.);
#1683=ADVANCED_FACE('',(#190),#1591,.T.);
#1684=ADVANCED_FACE('',(#191,#75),#1592,.T.);
#1685=ADVANCED_FACE('',(#192),#1593,.T.);
#1686=ADVANCED_FACE('',(#193,#76,#77,#78),#1594,.F.);
#1687=ADVANCED_FACE('',(#194),#1595,.T.);
#1688=ADVANCED_FACE('',(#195),#1596,.T.);
#1689=ADVANCED_FACE('',(#196),#1597,.T.);
#1690=ADVANCED_FACE('',(#197),#1598,.F.);
#1691=ADVANCED_FACE('',(#198),#49,.F.);
#1692=ADVANCED_FACE('',(#199),#50,.F.);
#1693=ADVANCED_FACE('',(#200),#51,.F.);
#1694=ADVANCED_FACE('',(#201),#1599,.T.);
#1695=ADVANCED_FACE('',(#202,#79),#1600,.T.);
#1696=ADVANCED_FACE('',(#203),#1601,.T.);
#1697=ADVANCED_FACE('',(#204),#1602,.T.);
#1698=ADVANCED_FACE('',(#205),#1603,.F.);
#1699=ADVANCED_FACE('',(#206),#1604,.F.);
#1700=ADVANCED_FACE('',(#207),#1605,.T.);
#1701=ADVANCED_FACE('',(#208),#1606,.T.);
#1702=ADVANCED_FACE('',(#209),#1607,.T.);
#1703=ADVANCED_FACE('',(#210),#1608,.F.);
#1704=ADVANCED_FACE('',(#211),#1609,.F.);
#1705=ADVANCED_FACE('',(#212),#1610,.F.);
#1706=CLOSED_SHELL('',(#1611,#1612,#1613,#1614,#1615,#1616,#1617,#1618,
#1619,#1620,#1621,#1622,#1623,#1624,#1625,#1626,#1627,#1628,#1629,#1630,
#1631,#1632,#1633,#1634,#1635));
#1707=CLOSED_SHELL('',(#1636,#1637,#1638,#1639));
#1708=CLOSED_SHELL('',(#1640,#1641,#1642,#1643));
#1709=CLOSED_SHELL('',(#1644,#1645,#1646,#1647));
#1710=CLOSED_SHELL('',(#1648,#1649,#1650,#1651));
#1711=CLOSED_SHELL('',(#1652,#1653,#1654,#1655));
#1712=CLOSED_SHELL('',(#1656,#1657,#1658,#1659,#1660,#1661,#1662));
#1713=CLOSED_SHELL('',(#1663,#1664,#1665,#1666,#1667,#1668,#1669));
#1714=CLOSED_SHELL('',(#1670,#1671,#1672,#1673,#1674,#1675,#1676));
#1715=CLOSED_SHELL('',(#1677,#1678,#1679,#1680,#1681,#1682,#1683,#1684,
#1685,#1686,#1687,#1688,#1689,#1690,#1691,#1692,#1693,#1694,#1695,#1696,
#1697,#1698,#1699,#1700,#1701,#1702,#1703,#1704,#1705));
#1716=DERIVED_UNIT_ELEMENT(#1718,1.);
#1717=DERIVED_UNIT_ELEMENT(#2793,-3.);
#1718=(
MASS_UNIT()
NAMED_UNIT(*)
SI_UNIT(.KILO.,.GRAM.)
);
#1719=DERIVED_UNIT((#1716,#1717));
#1720=MEASURE_REPRESENTATION_ITEM('density measure',
POSITIVE_RATIO_MEASURE(7850.),#1719);
#1721=PROPERTY_DEFINITION_REPRESENTATION(#1726,#1723);
#1722=PROPERTY_DEFINITION_REPRESENTATION(#1727,#1724);
#1723=REPRESENTATION('material name',(#1725),#2790);
#1724=REPRESENTATION('density',(#1720),#2790);
#1725=DESCRIPTIVE_REPRESENTATION_ITEM('Steel','Steel');
#1726=PROPERTY_DEFINITION('material property','material name',#2800);
#1727=PROPERTY_DEFINITION('material property','density of part',#2800);
#1728=AXIS2_PLACEMENT_3D('',#2317,#1862,#1863);
#1729=AXIS2_PLACEMENT_3D('',#2318,#1864,#1865);
#1730=AXIS2_PLACEMENT_3D('',#2335,#1874,#1875);
#1731=AXIS2_PLACEMENT_3D('',#2341,#1879,#1880);
#1732=AXIS2_PLACEMENT_3D('',#2345,#1883,#1884);
#1733=AXIS2_PLACEMENT_3D('',#2351,#1888,#1889);
#1734=AXIS2_PLACEMENT_3D('',#2355,#1892,#1893);
#1735=AXIS2_PLACEMENT_3D('',#2364,#1898,#1899);
#1736=AXIS2_PLACEMENT_3D('',#2370,#1903,#1904);
#1737=AXIS2_PLACEMENT_3D('',#2375,#1907,#1908);
#1738=AXIS2_PLACEMENT_3D('',#2376,#1909,#1910);
#1739=AXIS2_PLACEMENT_3D('',#2380,#1913,#1914);
#1740=AXIS2_PLACEMENT_3D('',#2389,#1919,#1920);
#1741=AXIS2_PLACEMENT_3D('',#2396,#1924,#1925);
#1742=AXIS2_PLACEMENT_3D('',#2397,#1926,#1927);
#1743=AXIS2_PLACEMENT_3D('',#2401,#1930,#1931);
#1744=AXIS2_PLACEMENT_3D('',#2411,#1936,#1937);
#1745=AXIS2_PLACEMENT_3D('',#2412,#1938,#1939);
#1746=AXIS2_PLACEMENT_3D('',#2414,#1940,#1941);
#1747=AXIS2_PLACEMENT_3D('',#2416,#1943,#1944);
#1748=AXIS2_PLACEMENT_3D('',#2418,#1945,#1946);
#1749=AXIS2_PLACEMENT_3D('',#2420,#1948,#1949);
#1750=AXIS2_PLACEMENT_3D('',#2422,#1950,#1951);
#1751=AXIS2_PLACEMENT_3D('',#2424,#1953,#1954);
#1752=AXIS2_PLACEMENT_3D('',#2428,#1957,#1958);
#1753=AXIS2_PLACEMENT_3D('',#2430,#1960,#1961);
#1754=AXIS2_PLACEMENT_3D('',#2434,#1964,#1965);
#1755=AXIS2_PLACEMENT_3D('',#2445,#1973,#1974);
#1756=AXIS2_PLACEMENT_3D('',#2449,#1977,#1978);
#1757=AXIS2_PLACEMENT_3D('',#2453,#1981,#1982);
#1758=AXIS2_PLACEMENT_3D('',#2455,#1984,#1985);
#1759=AXIS2_PLACEMENT_3D('',#2457,#1987,#1988);
#1760=AXIS2_PLACEMENT_3D('',#2458,#1989,#1990);
#1761=AXIS2_PLACEMENT_3D('',#2460,#1991,#1992);
#1762=AXIS2_PLACEMENT_3D('',#2463,#1994,#1995);
#1763=AXIS2_PLACEMENT_3D('',#2464,#1996,#1997);
#1764=AXIS2_PLACEMENT_3D('',#2466,#1998,#1999);
#1765=AXIS2_PLACEMENT_3D('',#2469,#2001,#2002);
#1766=AXIS2_PLACEMENT_3D('',#2470,#2003,#2004);
#1767=AXIS2_PLACEMENT_3D('',#2471,#2005,#2006);
#1768=AXIS2_PLACEMENT_3D('',#2472,#2007,#2008);
#1769=AXIS2_PLACEMENT_3D('',#2474,#2009,#2010);
#1770=AXIS2_PLACEMENT_3D('',#2477,#2012,#2013);
#1771=AXIS2_PLACEMENT_3D('',#2478,#2014,#2015);
#1772=AXIS2_PLACEMENT_3D('',#2480,#2016,#2017);
#1773=AXIS2_PLACEMENT_3D('',#2483,#2019,#2020);
#1774=AXIS2_PLACEMENT_3D('',#2484,#2021,#2022);
#1775=AXIS2_PLACEMENT_3D('',#2485,#2023,#2024);
#1776=AXIS2_PLACEMENT_3D('',#2486,#2025,#2026);
#1777=AXIS2_PLACEMENT_3D('',#2488,#2027,#2028);
#1778=AXIS2_PLACEMENT_3D('',#2491,#2030,#2031);
#1779=AXIS2_PLACEMENT_3D('',#2492,#2032,#2033);
#1780=AXIS2_PLACEMENT_3D('',#2494,#2034,#2035);
#1781=AXIS2_PLACEMENT_3D('',#2497,#2037,#2038);
#1782=AXIS2_PLACEMENT_3D('',#2498,#2039,#2040);
#1783=AXIS2_PLACEMENT_3D('',#2499,#2041,#2042);
#1784=AXIS2_PLACEMENT_3D('',#2500,#2043,#2044);
#1785=AXIS2_PLACEMENT_3D('',#2502,#2045,#2046);
#1786=AXIS2_PLACEMENT_3D('',#2505,#2048,#2049);
#1787=AXIS2_PLACEMENT_3D('',#2506,#2050,#2051);
#1788=AXIS2_PLACEMENT_3D('',#2508,#2052,#2053);
#1789=AXIS2_PLACEMENT_3D('',#2511,#2055,#2056);
#1790=AXIS2_PLACEMENT_3D('',#2512,#2057,#2058);
#1791=AXIS2_PLACEMENT_3D('',#2513,#2059,#2060);
#1792=AXIS2_PLACEMENT_3D('',#2514,#2061,#2062);
#1793=AXIS2_PLACEMENT_3D('',#2516,#2063,#2064);
#1794=AXIS2_PLACEMENT_3D('',#2519,#2066,#2067);
#1795=AXIS2_PLACEMENT_3D('',#2520,#2068,#2069);
#1796=AXIS2_PLACEMENT_3D('',#2522,#2070,#2071);
#1797=AXIS2_PLACEMENT_3D('',#2525,#2073,#2074);
#1798=AXIS2_PLACEMENT_3D('',#2526,#2075,#2076);
#1799=AXIS2_PLACEMENT_3D('',#2527,#2077,#2078);
#1800=AXIS2_PLACEMENT_3D('',#2528,#2079,#2080);
#1801=AXIS2_PLACEMENT_3D('',#2530,#2081,#2082);
#1802=AXIS2_PLACEMENT_3D('',#2533,#2084,#2085);
#1803=AXIS2_PLACEMENT_3D('',#2534,#2086,#2087);
#1804=AXIS2_PLACEMENT_3D('',#2543,#2092,#2093);
#1805=AXIS2_PLACEMENT_3D('',#2549,#2097,#2098);
#1806=AXIS2_PLACEMENT_3D('',#2555,#2102,#2103);
#1807=AXIS2_PLACEMENT_3D('',#2558,#2106,#2107);
#1808=AXIS2_PLACEMENT_3D('',#2559,#2108,#2109);
#1809=AXIS2_PLACEMENT_3D('',#2560,#2110,#2111);
#1810=AXIS2_PLACEMENT_3D('',#2562,#2112,#2113);
#1811=AXIS2_PLACEMENT_3D('',#2565,#2115,#2116);
#1812=AXIS2_PLACEMENT_3D('',#2566,#2117,#2118);
#1813=AXIS2_PLACEMENT_3D('',#2575,#2123,#2124);
#1814=AXIS2_PLACEMENT_3D('',#2581,#2128,#2129);
#1815=AXIS2_PLACEMENT_3D('',#2587,#2133,#2134);
#1816=AXIS2_PLACEMENT_3D('',#2590,#2137,#2138);
#1817=AXIS2_PLACEMENT_3D('',#2591,#2139,#2140);
#1818=AXIS2_PLACEMENT_3D('',#2592,#2141,#2142);
#1819=AXIS2_PLACEMENT_3D('',#2594,#2143,#2144);
#1820=AXIS2_PLACEMENT_3D('',#2597,#2146,#2147);
#1821=AXIS2_PLACEMENT_3D('',#2598,#2148,#2149);
#1822=AXIS2_PLACEMENT_3D('',#2607,#2154,#2155);
#1823=AXIS2_PLACEMENT_3D('',#2613,#2159,#2160);
#1824=AXIS2_PLACEMENT_3D('',#2619,#2164,#2165);
#1825=AXIS2_PLACEMENT_3D('',#2622,#2168,#2169);
#1826=AXIS2_PLACEMENT_3D('',#2623,#2170,#2171);
#1827=AXIS2_PLACEMENT_3D('',#2624,#2172,#2173);
#1828=AXIS2_PLACEMENT_3D('',#2641,#2182,#2183);
#1829=AXIS2_PLACEMENT_3D('',#2650,#2188,#2189);
#1830=AXIS2_PLACEMENT_3D('',#2691,#2210,#2211);
#1831=AXIS2_PLACEMENT_3D('',#2697,#2215,#2216);
#1832=AXIS2_PLACEMENT_3D('',#2702,#2219,#2220);
#1833=AXIS2_PLACEMENT_3D('',#2703,#2221,#2222);
#1834=AXIS2_PLACEMENT_3D('',#2707,#2225,#2226);
#1835=AXIS2_PLACEMENT_3D('',#2713,#2230,#2231);
#1836=AXIS2_PLACEMENT_3D('',#2718,#2234,#2235);
#1837=AXIS2_PLACEMENT_3D('',#2719,#2236,#2237);
#1838=AXIS2_PLACEMENT_3D('',#2723,#2240,#2241);
#1839=AXIS2_PLACEMENT_3D('',#2739,#2252,#2253);
#1840=AXIS2_PLACEMENT_3D('',#2741,#2254,#2255);
#1841=AXIS2_PLACEMENT_3D('',#2743,#2256,#2257);
#1842=AXIS2_PLACEMENT_3D('',#2744,#2258,#2259);
#1843=AXIS2_PLACEMENT_3D('',#2745,#2260,#2261);
#1844=AXIS2_PLACEMENT_3D('',#2746,#2262,#2263);
#1845=AXIS2_PLACEMENT_3D('',#2748,#2265,#2266);
#1846=AXIS2_PLACEMENT_3D('',#2754,#2271,#2272);
#1847=AXIS2_PLACEMENT_3D('',#2756,#2273,#2274);
#1848=AXIS2_PLACEMENT_3D('',#2758,#2276,#2277);
#1849=AXIS2_PLACEMENT_3D('',#2760,#2279,#2280);
#1850=AXIS2_PLACEMENT_3D('',#2762,#2282,#2283);
#1851=AXIS2_PLACEMENT_3D('',#2766,#2286,#2287);
#1852=AXIS2_PLACEMENT_3D('',#2770,#2290,#2291);
#1853=AXIS2_PLACEMENT_3D('',#2772,#2293,#2294);
#1854=AXIS2_PLACEMENT_3D('',#2773,#2295,#2296);
#1855=AXIS2_PLACEMENT_3D('',#2777,#2299,#2300);
#1856=AXIS2_PLACEMENT_3D('',#2779,#2302,#2303);
#1857=AXIS2_PLACEMENT_3D('',#2782,#2306,#2307);
#1858=AXIS2_PLACEMENT_3D('',#2784,#2309,#2310);
#1859=AXIS2_PLACEMENT_3D('',#2785,#2311,#2312);
#1860=AXIS2_PLACEMENT_3D('',#2786,#2313,#2314);
#1861=AXIS2_PLACEMENT_3D('',#2787,#2315,#2316);
#1862=DIRECTION('axis',(0.,0.,1.));
#1863=DIRECTION('refdir',(1.,0.,0.));
#1864=DIRECTION('center_axis',(0.,0.,1.));
#1865=DIRECTION('ref_axis',(1.,0.,0.));
#1866=DIRECTION('',(0.,-1.,0.));
#1867=DIRECTION('',(1.,0.,0.));
#1868=DIRECTION('',(0.,1.,0.));
#1869=DIRECTION('',(-1.,0.,0.));
#1870=DIRECTION('',(0.,-1.,0.));
#1871=DIRECTION('',(1.,1.28267924975467E-17,0.));
#1872=DIRECTION('',(0.,-1.,0.));
#1873=DIRECTION('',(-1.,0.,0.));
#1874=DIRECTION('center_axis',(-1.,0.,0.));
#1875=DIRECTION('ref_axis',(0.,-1.,0.));
#1876=DIRECTION('',(0.,-1.,0.));
#1877=DIRECTION('',(0.,0.,1.));
#1878=DIRECTION('',(0.,0.,1.));
#1879=DIRECTION('center_axis',(1.28267924975467E-17,-1.,0.));
#1880=DIRECTION('ref_axis',(1.,1.28267924975467E-17,0.));
#1881=DIRECTION('',(0.,0.,1.));
#1882=DIRECTION('',(1.,1.28267924975467E-17,0.));
#1883=DIRECTION('center_axis',(0.,-1.,0.));
#1884=DIRECTION('ref_axis',(0.,0.,-1.));
#1885=DIRECTION('',(0.,0.,-1.));
#1886=DIRECTION('',(0.,0.,1.));
#1887=DIRECTION('',(-1.,0.,0.));
#1888=DIRECTION('center_axis',(-1.,0.,0.));
#1889=DIRECTION('ref_axis',(0.,0.,1.));
#1890=DIRECTION('',(0.,0.,-1.));
#1891=DIRECTION('',(0.,-1.,0.));
#1892=DIRECTION('center_axis',(0.,0.,1.));
#1893=DIRECTION('ref_axis',(1.,0.,0.));
#1894=DIRECTION('',(0.,1.,0.));
#1895=DIRECTION('',(1.,0.,0.));
#1896=DIRECTION('',(0.,1.,0.));
#1897=DIRECTION('',(-1.,0.,0.));
#1898=DIRECTION('center_axis',(0.,-1.,0.));
#1899=DIRECTION('ref_axis',(1.,0.,0.));
#1900=DIRECTION('',(0.,0.,1.));
#1901=DIRECTION('',(-1.,0.,0.));
#1902=DIRECTION('',(0.,0.,1.));
#1903=DIRECTION('center_axis',(1.,0.,0.));
#1904=DIRECTION('ref_axis',(0.,1.,0.));
#1905=DIRECTION('',(0.,-1.,0.));
#1906=DIRECTION('',(0.,0.,1.));
#1907=DIRECTION('center_axis',(-1.,0.,0.));
#1908=DIRECTION('ref_axis',(0.,-1.,0.));
#1909=DIRECTION('center_axis',(0.,1.,0.));
#1910=DIRECTION('ref_axis',(-1.,0.,0.));
#1911=DIRECTION('',(0.,0.,-1.));
#1912=DIRECTION('',(1.,0.,0.));
#1913=DIRECTION('center_axis',(0.,0.,1.));
#1914=DIRECTION('ref_axis',(1.,0.,0.));
#1915=DIRECTION('',(0.,1.,0.));
#1916=DIRECTION('',(1.,0.,0.));
#1917=DIRECTION('',(0.,1.,0.));
#1918=DIRECTION('',(-1.,0.,0.));
#1919=DIRECTION('center_axis',(1.,0.,0.));
#1920=DIRECTION('ref_axis',(0.,1.,0.));
#1921=DIRECTION('',(0.,-1.,0.));
#1922=DIRECTION('',(0.,0.,1.));
#1923=DIRECTION('',(0.,0.,1.));
#1924=DIRECTION('center_axis',(-1.,0.,0.));
#1925=DIRECTION('ref_axis',(0.,-1.,0.));
#1926=DIRECTION('center_axis',(0.,1.,0.));
#1927=DIRECTION('ref_axis',(-1.,0.,0.));
#1928=DIRECTION('',(0.,0.,-1.));
#1929=DIRECTION('',(1.,0.,0.));
#1930=DIRECTION('center_axis',(1.,0.,0.));
#1931=DIRECTION('ref_axis',(0.,1.,0.));
#1932=DIRECTION('',(0.,-1.,0.));
#1933=DIRECTION('',(0.,0.,1.));
#1934=DIRECTION('',(0.,1.,0.));
#1935=DIRECTION('',(0.,0.,1.));
#1936=DIRECTION('center_axis',(-1.,0.,0.));
#1937=DIRECTION('ref_axis',(0.,-1.,0.));
#1938=DIRECTION('center_axis',(1.,0.,0.));
#1939=DIRECTION('ref_axis',(0.,-1.,0.));
#1940=DIRECTION('center_axis',(1.,0.,0.));
#1941=DIRECTION('ref_axis',(0.,-1.,0.));
#1942=DIRECTION('',(1.,0.,0.));
#1943=DIRECTION('center_axis',(1.,0.,0.));
#1944=DIRECTION('ref_axis',(0.,-1.,0.));
#1945=DIRECTION('center_axis',(1.,0.,0.));
#1946=DIRECTION('ref_axis',(0.,-1.,0.));
#1947=DIRECTION('',(1.,0.,0.));
#1948=DIRECTION('center_axis',(1.,0.,0.));
#1949=DIRECTION('ref_axis',(0.,-1.,0.));
#1950=DIRECTION('center_axis',(1.,0.,0.));
#1951=DIRECTION('ref_axis',(0.,-1.,0.));
#1952=DIRECTION('',(1.,0.,0.));
#1953=DIRECTION('center_axis',(0.,0.,1.));
#1954=DIRECTION('ref_axis',(1.,0.,0.));
#1955=DIRECTION('',(0.,-1.,0.));
#1956=DIRECTION('',(1.,0.,0.));
#1957=DIRECTION('center_axis',(0.,1.,0.));
#1958=DIRECTION('ref_axis',(0.,0.,1.));
#1959=DIRECTION('',(0.,0.,1.));
#1960=DIRECTION('center_axis',(0.,1.,0.));
#1961=DIRECTION('ref_axis',(-1.,0.,0.));
#1962=DIRECTION('',(0.,0.,-1.));
#1963=DIRECTION('',(-1.,0.,0.));
#1964=DIRECTION('center_axis',(0.,0.,1.));
#1965=DIRECTION('ref_axis',(1.,0.,0.));
#1966=DIRECTION('',(0.,1.,0.));
#1967=DIRECTION('',(1.,0.,0.));
#1968=DIRECTION('',(-1.,0.,0.));
#1969=DIRECTION('',(0.,1.,0.));
#1970=DIRECTION('',(0.,1.,0.));
#1971=DIRECTION('',(0.,1.,0.));
#1972=DIRECTION('',(-1.,0.,0.));
#1973=DIRECTION('center_axis',(0.,-1.,0.));
#1974=DIRECTION('ref_axis',(1.,0.,0.));
#1975=DIRECTION('',(0.,0.,1.));
#1976=DIRECTION('',(1.,0.,0.));
#1977=DIRECTION('center_axis',(0.,0.,1.));
#1978=DIRECTION('ref_axis',(1.,0.,0.));
#1979=DIRECTION('',(0.,1.,0.));
#1980=DIRECTION('',(-1.,0.,0.));
#1981=DIRECTION('center_axis',(0.,1.,0.));
#1982=DIRECTION('ref_axis',(-1.,0.,0.));
#1983=DIRECTION('',(0.,0.,-1.));
#1984=DIRECTION('center_axis',(0.,-1.,0.));
#1985=DIRECTION('ref_axis',(1.,0.,0.));
#1986=DIRECTION('',(0.,0.,1.));
#1987=DIRECTION('center_axis',(-1.,0.,0.));
#1988=DIRECTION('ref_axis',(0.,0.,1.));
#1989=DIRECTION('center_axis',(0.,0.,1.));
#1990=DIRECTION('ref_axis',(-1.,0.,0.));
#1991=DIRECTION('center_axis',(0.,0.,-1.));
#1992=DIRECTION('ref_axis',(-1.,0.,0.));
#1993=DIRECTION('',(0.,0.,-1.));
#1994=DIRECTION('center_axis',(0.,0.,-1.));
#1995=DIRECTION('ref_axis',(-1.,0.,0.));
#1996=DIRECTION('center_axis',(0.,0.,1.));
#1997=DIRECTION('ref_axis',(-1.,0.,0.));
#1998=DIRECTION('center_axis',(0.,0.,1.));
#1999=DIRECTION('ref_axis',(-1.,0.,0.));
#2000=DIRECTION('',(0.,0.,-1.));
#2001=DIRECTION('center_axis',(0.,0.,1.));
#2002=DIRECTION('ref_axis',(-1.,0.,0.));
#2003=DIRECTION('center_axis',(0.,0.,1.));
#2004=DIRECTION('ref_axis',(-1.,0.,0.));
#2005=DIRECTION('center_axis',(0.,0.,1.));
#2006=DIRECTION('ref_axis',(-1.,0.,0.));
#2007=DIRECTION('center_axis',(0.,0.,1.));
#2008=DIRECTION('ref_axis',(-1.,0.,0.));
#2009=DIRECTION('center_axis',(0.,0.,-1.));
#2010=DIRECTION('ref_axis',(-1.,0.,0.));
#2011=DIRECTION('',(0.,0.,-1.));
#2012=DIRECTION('center_axis',(0.,0.,-1.));
#2013=DIRECTION('ref_axis',(-1.,0.,0.));
#2014=DIRECTION('center_axis',(0.,0.,1.));
#2015=DIRECTION('ref_axis',(-1.,0.,0.));
#2016=DIRECTION('center_axis',(0.,0.,1.));
#2017=DIRECTION('ref_axis',(-1.,0.,0.));
#2018=DIRECTION('',(0.,0.,-1.));
#2019=DIRECTION('center_axis',(0.,0.,1.));
#2020=DIRECTION('ref_axis',(-1.,0.,0.));
#2021=DIRECTION('center_axis',(0.,0.,1.));
#2022=DIRECTION('ref_axis',(-1.,0.,0.));
#2023=DIRECTION('center_axis',(0.,0.,1.));
#2024=DIRECTION('ref_axis',(-1.,0.,0.));
#2025=DIRECTION('center_axis',(0.,0.,1.));
#2026=DIRECTION('ref_axis',(-1.,0.,0.));
#2027=DIRECTION('center_axis',(0.,0.,-1.));
#2028=DIRECTION('ref_axis',(-1.,0.,0.));
#2029=DIRECTION('',(0.,0.,-1.));
#2030=DIRECTION('center_axis',(0.,0.,-1.));
#2031=DIRECTION('ref_axis',(-1.,0.,0.));
#2032=DIRECTION('center_axis',(0.,0.,1.));
#2033=DIRECTION('ref_axis',(-1.,0.,0.));
#2034=DIRECTION('center_axis',(0.,0.,1.));
#2035=DIRECTION('ref_axis',(-1.,0.,0.));
#2036=DIRECTION('',(0.,0.,-1.));
#2037=DIRECTION('center_axis',(0.,0.,1.));
#2038=DIRECTION('ref_axis',(-1.,0.,0.));
#2039=DIRECTION('center_axis',(0.,0.,1.));
#2040=DIRECTION('ref_axis',(-1.,0.,0.));
#2041=DIRECTION('center_axis',(0.,0.,1.));
#2042=DIRECTION('ref_axis',(-1.,0.,0.));
#2043=DIRECTION('center_axis',(0.,0.,1.));
#2044=DIRECTION('ref_axis',(-1.,0.,0.));
#2045=DIRECTION('center_axis',(0.,0.,-1.));
#2046=DIRECTION('ref_axis',(-1.,0.,0.));
#2047=DIRECTION('',(0.,0.,-1.));
#2048=DIRECTION('center_axis',(0.,0.,-1.));
#2049=DIRECTION('ref_axis',(-1.,0.,0.));
#2050=DIRECTION('center_axis',(0.,0.,1.));
#2051=DIRECTION('ref_axis',(-1.,0.,0.));
#2052=DIRECTION('center_axis',(0.,0.,1.));
#2053=DIRECTION('ref_axis',(-1.,0.,0.));
#2054=DIRECTION('',(0.,0.,-1.));
#2055=DIRECTION('center_axis',(0.,0.,1.));
#2056=DIRECTION('ref_axis',(-1.,0.,0.));
#2057=DIRECTION('center_axis',(0.,0.,1.));
#2058=DIRECTION('ref_axis',(-1.,0.,0.));
#2059=DIRECTION('center_axis',(0.,0.,1.));
#2060=DIRECTION('ref_axis',(-1.,0.,0.));
#2061=DIRECTION('center_axis',(0.,0.,1.));
#2062=DIRECTION('ref_axis',(-1.,0.,0.));
#2063=DIRECTION('center_axis',(0.,0.,-1.));
#2064=DIRECTION('ref_axis',(-1.,0.,0.));
#2065=DIRECTION('',(0.,0.,-1.));
#2066=DIRECTION('center_axis',(0.,0.,-1.));
#2067=DIRECTION('ref_axis',(-1.,0.,0.));
#2068=DIRECTION('center_axis',(0.,0.,1.));
#2069=DIRECTION('ref_axis',(-1.,0.,0.));
#2070=DIRECTION('center_axis',(0.,0.,1.));
#2071=DIRECTION('ref_axis',(-1.,0.,0.));
#2072=DIRECTION('',(0.,0.,-1.));
#2073=DIRECTION('center_axis',(0.,0.,1.));
#2074=DIRECTION('ref_axis',(-1.,0.,0.));
#2075=DIRECTION('center_axis',(0.,0.,1.));
#2076=DIRECTION('ref_axis',(-1.,0.,0.));
#2077=DIRECTION('center_axis',(0.,0.,1.));
#2078=DIRECTION('ref_axis',(-1.,0.,0.));
#2079=DIRECTION('center_axis',(1.,0.,0.));
#2080=DIRECTION('ref_axis',(0.,-1.,0.));
#2081=DIRECTION('center_axis',(1.,0.,0.));
#2082=DIRECTION('ref_axis',(0.,-1.,0.));
#2083=DIRECTION('',(1.,0.,0.));
#2084=DIRECTION('center_axis',(-1.,0.,0.));
#2085=DIRECTION('ref_axis',(0.,-1.,0.));
#2086=DIRECTION('center_axis',(-1.,0.,0.));
#2087=DIRECTION('ref_axis',(0.,-1.,0.));
#2088=DIRECTION('',(0.,-1.,0.));
#2089=DIRECTION('',(0.,0.,1.));
#2090=DIRECTION('',(0.,-1.,0.));
#2091=DIRECTION('',(0.,0.,1.));
#2092=DIRECTION('center_axis',(0.,1.,0.));
#2093=DIRECTION('ref_axis',(-1.,0.,0.));
#2094=DIRECTION('',(-1.,0.,0.));
#2095=DIRECTION('',(-1.,0.,0.));
#2096=DIRECTION('',(0.,0.,1.));
#2097=DIRECTION('center_axis',(1.,0.,0.));
#2098=DIRECTION('ref_axis',(0.,1.,0.));
#2099=DIRECTION('',(0.,1.,0.));
#2100=DIRECTION('',(0.,1.,0.));
#2101=DIRECTION('',(0.,0.,1.));
#2102=DIRECTION('center_axis',(0.,-1.,0.));
#2103=DIRECTION('ref_axis',(1.,0.,0.));
#2104=DIRECTION('',(1.,0.,0.));
#2105=DIRECTION('',(1.,0.,0.));
#2106=DIRECTION('center_axis',(0.,0.,1.));
#2107=DIRECTION('ref_axis',(1.,0.,0.));
#2108=DIRECTION('center_axis',(0.,0.,1.));
#2109=DIRECTION('ref_axis',(-1.,0.,0.));
#2110=DIRECTION('center_axis',(1.,0.,0.));
#2111=DIRECTION('ref_axis',(0.,-1.,0.));
#2112=DIRECTION('center_axis',(1.,0.,0.));
#2113=DIRECTION('ref_axis',(0.,-1.,0.));
#2114=DIRECTION('',(1.,0.,0.));
#2115=DIRECTION('center_axis',(-1.,0.,0.));
#2116=DIRECTION('ref_axis',(0.,-1.,0.));
#2117=DIRECTION('center_axis',(-1.,0.,0.));
#2118=DIRECTION('ref_axis',(0.,-1.,0.));
#2119=DIRECTION('',(0.,1.,0.));
#2120=DIRECTION('',(0.,0.,1.));
#2121=DIRECTION('',(0.,-1.,0.));
#2122=DIRECTION('',(0.,0.,1.));
#2123=DIRECTION('center_axis',(0.,1.,0.));
#2124=DIRECTION('ref_axis',(-1.,0.,0.));
#2125=DIRECTION('',(-1.,0.,0.));
#2126=DIRECTION('',(-1.,0.,0.));
#2127=DIRECTION('',(0.,0.,1.));
#2128=DIRECTION('center_axis',(1.,0.,0.));
#2129=DIRECTION('ref_axis',(0.,1.,0.));
#2130=DIRECTION('',(0.,1.,0.));
#2131=DIRECTION('',(0.,1.,0.));
#2132=DIRECTION('',(0.,0.,1.));
#2133=DIRECTION('center_axis',(0.,-1.,0.));
#2134=DIRECTION('ref_axis',(1.,0.,0.));
#2135=DIRECTION('',(1.,0.,0.));
#2136=DIRECTION('',(1.,0.,0.));
#2137=DIRECTION('center_axis',(0.,0.,1.));
#2138=DIRECTION('ref_axis',(1.,0.,0.));
#2139=DIRECTION('center_axis',(0.,0.,1.));
#2140=DIRECTION('ref_axis',(-1.,0.,0.));
#2141=DIRECTION('center_axis',(1.,0.,0.));
#2142=DIRECTION('ref_axis',(0.,-1.,0.));
#2143=DIRECTION('center_axis',(1.,0.,0.));
#2144=DIRECTION('ref_axis',(0.,-1.,0.));
#2145=DIRECTION('',(1.,0.,0.));
#2146=DIRECTION('center_axis',(-1.,0.,0.));
#2147=DIRECTION('ref_axis',(0.,-1.,0.));
#2148=DIRECTION('center_axis',(-1.,0.,0.));
#2149=DIRECTION('ref_axis',(0.,-1.,0.));
#2150=DIRECTION('',(0.,-1.,0.));
#2151=DIRECTION('',(0.,0.,1.));
#2152=DIRECTION('',(0.,-1.,0.));
#2153=DIRECTION('',(0.,0.,1.));
#2154=DIRECTION('center_axis',(0.,1.,0.));
#2155=DIRECTION('ref_axis',(-1.,0.,0.));
#2156=DIRECTION('',(-1.,0.,0.));
#2157=DIRECTION('',(-1.,0.,0.));
#2158=DIRECTION('',(0.,0.,1.));
#2159=DIRECTION('center_axis',(1.,0.,0.));
#2160=DIRECTION('ref_axis',(0.,1.,0.));
#2161=DIRECTION('',(0.,1.,0.));
#2162=DIRECTION('',(0.,1.,0.));
#2163=DIRECTION('',(0.,0.,1.));
#2164=DIRECTION('center_axis',(0.,-1.,0.));
#2165=DIRECTION('ref_axis',(1.,0.,0.));
#2166=DIRECTION('',(1.,0.,0.));
#2167=DIRECTION('',(1.,0.,0.));
#2168=DIRECTION('center_axis',(0.,0.,1.));
#2169=DIRECTION('ref_axis',(1.,0.,0.));
#2170=DIRECTION('center_axis',(0.,0.,1.));
#2171=DIRECTION('ref_axis',(-1.,0.,0.));
#2172=DIRECTION('center_axis',(0.,0.,1.));
#2173=DIRECTION('ref_axis',(1.,0.,0.));
#2174=DIRECTION('',(0.,1.,0.));
#2175=DIRECTION('',(-1.,0.,0.));
#2176=DIRECTION('',(0.,1.,0.));
#2177=DIRECTION('',(1.,1.28267924975467E-17,0.));
#2178=DIRECTION('',(0.,1.,0.));
#2179=DIRECTION('',(-1.,0.,0.));
#2180=DIRECTION('',(0.,-1.,0.));
#2181=DIRECTION('',(1.,0.,0.));
#2182=DIRECTION('center_axis',(0.,0.,1.));
#2183=DIRECTION('ref_axis',(1.,0.,0.));
#2184=DIRECTION('',(0.,1.,0.));
#2185=DIRECTION('',(-1.,0.,0.));
#2186=DIRECTION('',(0.,-1.,0.));
#2187=DIRECTION('',(1.,1.28267924975467E-17,0.));
#2188=DIRECTION('center_axis',(0.,0.,1.));
#2189=DIRECTION('ref_axis',(1.,0.,0.));
#2190=DIRECTION('',(0.,1.,0.));
#2191=DIRECTION('',(1.,0.,0.));
#2192=DIRECTION('',(0.,-1.,0.));
#2193=DIRECTION('',(-1.,0.,0.));
#2194=DIRECTION('',(0.,1.,0.));
#2195=DIRECTION('',(1.,0.,0.));
#2196=DIRECTION('',(0.,-1.,0.));
#2197=DIRECTION('',(-1.,0.,0.));
#2198=DIRECTION('',(0.,1.,0.));
#2199=DIRECTION('',(1.,1.28267924975467E-17,0.));
#2200=DIRECTION('',(0.,-1.,0.));
#2201=DIRECTION('',(-1.,0.,0.));
#2202=DIRECTION('',(0.,1.,0.));
#2203=DIRECTION('',(1.,1.28267924975467E-17,0.));
#2204=DIRECTION('',(0.,1.,0.));
#2205=DIRECTION('',(-1.,0.,0.));
#2206=DIRECTION('',(0.,1.,0.));
#2207=DIRECTION('',(1.,0.,0.));
#2208=DIRECTION('',(0.,-1.,0.));
#2209=DIRECTION('',(-1.,0.,0.));
#2210=DIRECTION('center_axis',(0.,1.,0.));
#2211=DIRECTION('ref_axis',(-1.,0.,0.));
#2212=DIRECTION('',(0.,0.,1.));
#2213=DIRECTION('',(-1.,0.,0.));
#2214=DIRECTION('',(0.,0.,-1.));
#2215=DIRECTION('center_axis',(-1.,0.,0.));
#2216=DIRECTION('ref_axis',(0.,-1.,0.));
#2217=DIRECTION('',(0.,0.,-1.));
#2218=DIRECTION('',(0.,-1.,0.));
#2219=DIRECTION('center_axis',(1.,0.,0.));
#2220=DIRECTION('ref_axis',(0.,-1.,0.));
#2221=DIRECTION('center_axis',(0.,-1.,0.));
#2222=DIRECTION('ref_axis',(1.,0.,0.));
#2223=DIRECTION('',(0.,0.,1.));
#2224=DIRECTION('',(1.,0.,0.));
#2225=DIRECTION('center_axis',(0.,1.,0.));
#2226=DIRECTION('ref_axis',(-1.,0.,0.));
#2227=DIRECTION('',(0.,0.,-1.));
#2228=DIRECTION('',(-1.,0.,0.));
#2229=DIRECTION('',(0.,0.,-1.));
#2230=DIRECTION('center_axis',(-1.,0.,0.));
#2231=DIRECTION('ref_axis',(0.,-1.,0.));
#2232=DIRECTION('',(0.,0.,1.));
#2233=DIRECTION('',(0.,-1.,0.));
#2234=DIRECTION('center_axis',(1.,0.,0.));
#2235=DIRECTION('ref_axis',(0.,-1.,0.));
#2236=DIRECTION('center_axis',(0.,-1.,0.));
#2237=DIRECTION('ref_axis',(1.,0.,0.));
#2238=DIRECTION('',(0.,0.,1.));
#2239=DIRECTION('',(1.,0.,0.));
#2240=DIRECTION('center_axis',(-1.,0.,0.));
#2241=DIRECTION('ref_axis',(0.,0.,1.));
#2242=DIRECTION('',(0.,1.,0.));
#2243=DIRECTION('',(0.,1.,0.));
#2244=DIRECTION('',(0.,0.,-1.));
#2245=DIRECTION('',(0.,1.,0.));
#2246=DIRECTION('',(0.,0.,1.));
#2247=DIRECTION('',(0.,0.,1.));
#2248=DIRECTION('',(0.,0.,1.));
#2249=DIRECTION('',(0.,-1.,0.));
#2250=DIRECTION('',(0.,0.,1.));
#2251=DIRECTION('',(0.,0.,1.));
#2252=DIRECTION('center_axis',(1.,0.,0.));
#2253=DIRECTION('ref_axis',(0.,-1.,0.));
#2254=DIRECTION('center_axis',(1.,0.,0.));
#2255=DIRECTION('ref_axis',(0.,-1.,0.));
#2256=DIRECTION('center_axis',(1.,0.,0.));
#2257=DIRECTION('ref_axis',(0.,-1.,0.));
#2258=DIRECTION('center_axis',(0.,0.,1.));
#2259=DIRECTION('ref_axis',(1.,0.,0.));
#2260=DIRECTION('center_axis',(0.,0.,1.));
#2261=DIRECTION('ref_axis',(1.,0.,0.));
#2262=DIRECTION('center_axis',(1.28267924975467E-17,-1.,0.));
#2263=DIRECTION('ref_axis',(1.,1.28267924975467E-17,0.));
#2264=DIRECTION('',(0.,0.,-1.));
#2265=DIRECTION('center_axis',(0.,-1.,0.));
#2266=DIRECTION('ref_axis',(0.,0.,-1.));
#2267=DIRECTION('',(0.,0.,1.));
#2268=DIRECTION('',(-1.,0.,0.));
#2269=DIRECTION('',(0.,0.,1.));
#2270=DIRECTION('',(0.,0.,-1.));
#2271=DIRECTION('center_axis',(1.,0.,0.));
#2272=DIRECTION('ref_axis',(0.,-1.,0.));
#2273=DIRECTION('center_axis',(1.,0.,0.));
#2274=DIRECTION('ref_axis',(0.,-1.,0.));
#2275=DIRECTION('',(1.,0.,0.));
#2276=DIRECTION('center_axis',(1.,0.,0.));
#2277=DIRECTION('ref_axis',(0.,-1.,0.));
#2278=DIRECTION('',(1.,0.,0.));
#2279=DIRECTION('center_axis',(1.,0.,0.));
#2280=DIRECTION('ref_axis',(0.,-1.,0.));
#2281=DIRECTION('',(1.,0.,0.));
#2282=DIRECTION('center_axis',(0.,-1.,0.));
#2283=DIRECTION('ref_axis',(1.,0.,0.));
#2284=DIRECTION('',(1.,0.,0.));
#2285=DIRECTION('',(0.,0.,-1.));
#2286=DIRECTION('center_axis',(-1.,0.,0.));
#2287=DIRECTION('ref_axis',(0.,-1.,0.));
#2288=DIRECTION('',(0.,-1.,0.));
#2289=DIRECTION('',(0.,0.,-1.));
#2290=DIRECTION('center_axis',(0.,1.,0.));
#2291=DIRECTION('ref_axis',(-1.,0.,0.));
#2292=DIRECTION('',(-1.,0.,0.));
#2293=DIRECTION('center_axis',(0.,0.,1.));
#2294=DIRECTION('ref_axis',(1.,0.,0.));
#2295=DIRECTION('center_axis',(0.,1.,0.));
#2296=DIRECTION('ref_axis',(0.,0.,1.));
#2297=DIRECTION('',(0.,0.,1.));
#2298=DIRECTION('',(1.,0.,0.));
#2299=DIRECTION('center_axis',(1.,0.,0.));
#2300=DIRECTION('ref_axis',(0.,0.,-1.));
#2301=DIRECTION('',(0.,1.,0.));
#2302=DIRECTION('center_axis',(1.28267924975467E-17,-1.,0.));
#2303=DIRECTION('ref_axis',(1.,1.28267924975467E-17,0.));
#2304=DIRECTION('',(0.,0.,1.));
#2305=DIRECTION('',(0.,0.,1.));
#2306=DIRECTION('center_axis',(0.,1.,0.));
#2307=DIRECTION('ref_axis',(-1.,0.,0.));
#2308=DIRECTION('',(0.,0.,1.));
#2309=DIRECTION('center_axis',(1.,0.,0.));
#2310=DIRECTION('ref_axis',(0.,1.,0.));
#2311=DIRECTION('center_axis',(0.,0.,1.));
#2312=DIRECTION('ref_axis',(1.,0.,0.));
#2313=DIRECTION('center_axis',(1.,0.,0.));
#2314=DIRECTION('ref_axis',(0.,0.,1.));
#2315=DIRECTION('center_axis',(-1.,0.,0.));
#2316=DIRECTION('ref_axis',(0.,0.,-1.));
#2317=CARTESIAN_POINT('',(0.,0.,0.));
#2318=CARTESIAN_POINT('Origin',(212.73,-80.07175,16.06));
#2319=CARTESIAN_POINT('',(216.62,-145.04975,16.06));
#2320=CARTESIAN_POINT('',(216.62,-148.04975,16.06));
#2321=CARTESIAN_POINT('',(216.62,-80.07175,16.06));
#2322=CARTESIAN_POINT('',(388.84,-148.04975,16.06));
#2323=CARTESIAN_POINT('',(121.175,-148.04975,16.06));
#2324=CARTESIAN_POINT('',(388.84,-12.09375,16.06));
#2325=CARTESIAN_POINT('',(388.84,-117.56075,16.06));
#2326=CARTESIAN_POINT('',(216.62,-12.09375,16.06));
#2327=CARTESIAN_POINT('',(304.285,-12.09375,16.06));
#2328=CARTESIAN_POINT('',(216.62,-15.09375,16.06));
#2329=CARTESIAN_POINT('',(216.62,-80.07175,16.06));
#2330=CARTESIAN_POINT('',(385.84,-15.09375,16.06));
#2331=CARTESIAN_POINT('',(126.175,-15.09375,16.06));
#2332=CARTESIAN_POINT('',(385.84,-145.04975,16.06));
#2333=CARTESIAN_POINT('',(385.84,-47.58275,16.06));
#2334=CARTESIAN_POINT('',(299.285,-145.04975,16.06));
#2335=CARTESIAN_POINT('Origin',(385.84,-15.09375,0.0599999999999989));
#2336=CARTESIAN_POINT('',(385.84,-15.09375,4.5));
#2337=CARTESIAN_POINT('',(385.84,-145.04975,4.5));
#2338=CARTESIAN_POINT('',(385.84,-47.546875,4.5));
#2339=CARTESIAN_POINT('',(385.84,-145.04975,0.0599999999999989));
#2340=CARTESIAN_POINT('',(385.84,-15.09375,0.0599999999999989));
#2341=CARTESIAN_POINT('Origin',(39.62,-15.09375,0.0599999999999989));
#2342=CARTESIAN_POINT('',(216.62,-15.09375,4.5));
#2343=CARTESIAN_POINT('',(216.62,-15.09375,3.795));
#2344=CARTESIAN_POINT('',(126.06,-15.09375,4.5));
#2345=CARTESIAN_POINT('Origin',(395.84,-12.09375,0.0599999999999978));
#2346=CARTESIAN_POINT('',(216.62,-12.09375,0.));
#2347=CARTESIAN_POINT('',(216.62,-12.09375,3.795));
#2348=CARTESIAN_POINT('',(388.84,-12.09375,0.));
#2349=CARTESIAN_POINT('',(388.84,-12.09375,0.0599999999999978));
#2350=CARTESIAN_POINT('',(304.17,-12.09375,0.));
#2351=CARTESIAN_POINT('Origin',(388.84,-155.04975,0.0599999999999978));
#2352=CARTESIAN_POINT('',(388.84,-148.04975,0.));
#2353=CARTESIAN_POINT('',(388.84,-148.04975,0.0599999999999978));
#2354=CARTESIAN_POINT('',(388.84,-117.524875,0.));
#2355=CARTESIAN_POINT('Origin',(215.120010288898,-36.500000949949,9.5));
#2356=CARTESIAN_POINT('',(216.62,-39.000000949949,9.5));
#2357=CARTESIAN_POINT('',(216.62,-34.000000949949,9.5));
#2358=CARTESIAN_POINT('',(216.62,-58.2858754749745,9.5));
#2359=CARTESIAN_POINT('',(216.620010288898,-39.000000949949,9.5));
#2360=CARTESIAN_POINT('',(213.620010288898,-39.000000949949,9.5));
#2361=CARTESIAN_POINT('',(216.620010288898,-34.000000949949,9.5));
#2362=CARTESIAN_POINT('',(216.620010288898,-34.000000949949,9.5));
#2363=CARTESIAN_POINT('',(216.620010288898,-34.000000949949,9.5));
#2364=CARTESIAN_POINT('Origin',(213.620010288898,-39.000000949949,4.5));
#2365=CARTESIAN_POINT('',(216.62,-39.000000949949,4.5));
#2366=CARTESIAN_POINT('',(216.62,-39.000000949949,6.015));
#2367=CARTESIAN_POINT('',(216.620010288898,-39.000000949949,4.5));
#2368=CARTESIAN_POINT('',(213.060005144449,-39.000000949949,4.5));
#2369=CARTESIAN_POINT('',(216.620010288898,-39.000000949949,4.5));
#2370=CARTESIAN_POINT('Origin',(216.620010288898,-39.000000949949,4.5));
#2371=CARTESIAN_POINT('',(216.620010288898,-34.000000949949,4.5));
#2372=CARTESIAN_POINT('',(216.620010288898,-59.5000004749745,4.5));
#2373=CARTESIAN_POINT('',(216.620010288898,-34.000000949949,4.5));
#2374=CARTESIAN_POINT('',(216.620010288898,-34.8999991841614,6.99999984353781));
#2375=CARTESIAN_POINT('Origin',(216.620010288898,-36.4999991841614,6.99999984353781));
#2376=CARTESIAN_POINT('Origin',(216.620010288898,-34.000000949949,4.5));
#2377=CARTESIAN_POINT('',(216.62,-34.000000949949,4.5));
#2378=CARTESIAN_POINT('',(216.62,-34.000000949949,6.015));
#2379=CARTESIAN_POINT('',(214.560005144449,-34.000000949949,4.5));
#2380=CARTESIAN_POINT('Origin',(215.120010288898,-71.500000949949,9.5));
#2381=CARTESIAN_POINT('',(216.62,-74.000000949949,9.5));
#2382=CARTESIAN_POINT('',(216.62,-69.000000949949,9.5));
#2383=CARTESIAN_POINT('',(216.62,-75.7858754749745,9.5));
#2384=CARTESIAN_POINT('',(216.620010288898,-74.000000949949,9.5));
#2385=CARTESIAN_POINT('',(213.620010288898,-74.000000949949,9.5));
#2386=CARTESIAN_POINT('',(216.620010288898,-69.000000949949,9.5));
#2387=CARTESIAN_POINT('',(216.620010288898,-74.000000949949,9.5));
#2388=CARTESIAN_POINT('',(216.620010288898,-69.000000949949,9.5));
#2389=CARTESIAN_POINT('Origin',(216.620010288898,-74.000000949949,4.5));
#2390=CARTESIAN_POINT('',(216.620010288898,-69.000000949949,4.5));
#2391=CARTESIAN_POINT('',(216.620010288898,-74.000000949949,4.5));
#2392=CARTESIAN_POINT('',(216.620010288898,-77.0000004749745,4.5));
#2393=CARTESIAN_POINT('',(216.620010288898,-69.000000949949,4.5));
#2394=CARTESIAN_POINT('',(216.620010288898,-74.000000949949,4.5));
#2395=CARTESIAN_POINT('',(216.620010288898,-69.900001065433,7.00000010430813));
#2396=CARTESIAN_POINT('Origin',(216.620010288898,-71.500001065433,7.00000010430813));
#2397=CARTESIAN_POINT('Origin',(216.620010288898,-69.000000949949,4.5));
#2398=CARTESIAN_POINT('',(216.62,-69.000000949949,4.5));
#2399=CARTESIAN_POINT('',(216.62,-69.000000949949,6.015));
#2400=CARTESIAN_POINT('',(214.560005144449,-69.000000949949,4.5));
#2401=CARTESIAN_POINT('Origin',(216.620010288898,-120.000000949949,4.5));
#2402=CARTESIAN_POINT('',(216.620010288898,-115.000000949949,4.5));
#2403=CARTESIAN_POINT('',(216.620010288898,-120.000000949949,4.5));
#2404=CARTESIAN_POINT('',(216.620010288898,-100.000000474975,4.5));
#2405=CARTESIAN_POINT('',(216.620010288898,-115.000000949949,9.5));
#2406=CARTESIAN_POINT('',(216.620010288898,-115.000000949949,4.5));
#2407=CARTESIAN_POINT('',(216.620010288898,-120.000000949949,9.5));
#2408=CARTESIAN_POINT('',(216.620010288898,-115.000000949949,9.5));
#2409=CARTESIAN_POINT('',(216.620010288898,-120.000000949949,4.5));
#2410=CARTESIAN_POINT('',(216.620010288898,-115.900001750886,7.00000010430813));
#2411=CARTESIAN_POINT('Origin',(216.620010288898,-117.500001750886,7.00000010430813));
#2412=CARTESIAN_POINT('Origin',(213.620010288898,-36.4999991841614,6.99999984353781));
#2413=CARTESIAN_POINT('',(216.62,-34.8999991841614,6.99999984353781));
#2414=CARTESIAN_POINT('Origin',(216.62,-36.4999991841614,6.99999984353781));
#2415=CARTESIAN_POINT('',(213.620010288898,-34.8999991841614,6.99999984353781));
#2416=CARTESIAN_POINT('Origin',(213.620010288898,-71.500001065433,7.00000010430813));
#2417=CARTESIAN_POINT('',(216.62,-69.900001065433,7.00000010430813));
#2418=CARTESIAN_POINT('Origin',(216.62,-71.500001065433,7.00000010430813));
#2419=CARTESIAN_POINT('',(213.620010288898,-69.900001065433,7.00000010430813));
#2420=CARTESIAN_POINT('Origin',(213.620010288898,-117.500001750886,7.00000010430813));
#2421=CARTESIAN_POINT('',(216.62,-115.900001750886,7.00000010430813));
#2422=CARTESIAN_POINT('Origin',(216.62,-117.500001750886,7.00000010430813));
#2423=CARTESIAN_POINT('',(213.620010288898,-115.900001750886,7.00000010430813));
#2424=CARTESIAN_POINT('Origin',(212.5,-80.,0.));
#2425=CARTESIAN_POINT('',(216.62,-148.04975,0.));
#2426=CARTESIAN_POINT('',(216.62,-80.035875,0.));
#2427=CARTESIAN_POINT('',(121.06,-148.04975,0.));
#2428=CARTESIAN_POINT('Origin',(29.62,-148.04975,0.0599999999999978));
#2429=CARTESIAN_POINT('',(216.62,-148.04975,3.795));
#2430=CARTESIAN_POINT('Origin',(385.84,-145.04975,0.0599999999999989));
#2431=CARTESIAN_POINT('',(216.62,-145.04975,4.5));
#2432=CARTESIAN_POINT('',(216.62,-145.04975,3.795));
#2433=CARTESIAN_POINT('',(299.17,-145.04975,4.5));
#2434=CARTESIAN_POINT('Origin',(212.5,-80.,4.5));
#2435=CARTESIAN_POINT('',(216.62,-115.000000949949,4.5));
#2436=CARTESIAN_POINT('',(216.62,-74.000000949949,4.5));
#2437=CARTESIAN_POINT('',(216.62,-80.035875,4.5));
#2438=CARTESIAN_POINT('',(214.560005144449,-115.000000949949,4.5));
#2439=CARTESIAN_POINT('',(216.62,-120.000000949949,4.5));
#2440=CARTESIAN_POINT('',(213.060005144449,-120.000000949949,4.5));
#2441=CARTESIAN_POINT('',(216.62,-80.035875,4.5));
#2442=CARTESIAN_POINT('',(216.62,-80.035875,4.5));
#2443=CARTESIAN_POINT('',(216.62,-80.035875,4.5));
#2444=CARTESIAN_POINT('',(213.060005144449,-74.000000949949,4.5));
#2445=CARTESIAN_POINT('Origin',(213.620010288898,-120.000000949949,4.5));
#2446=CARTESIAN_POINT('',(216.62,-120.000000949949,9.5));
#2447=CARTESIAN_POINT('',(216.62,-120.000000949949,6.015));
#2448=CARTESIAN_POINT('',(213.620010288898,-120.000000949949,9.5));
#2449=CARTESIAN_POINT('Origin',(215.120010288898,-117.500000949949,9.5));
#2450=CARTESIAN_POINT('',(216.62,-115.000000949949,9.5));
#2451=CARTESIAN_POINT('',(216.62,-98.7858754749745,9.5));
#2452=CARTESIAN_POINT('',(216.620010288898,-115.000000949949,9.5));
#2453=CARTESIAN_POINT('Origin',(216.620010288898,-115.000000949949,4.5));
#2454=CARTESIAN_POINT('',(216.62,-115.000000949949,6.015));
#2455=CARTESIAN_POINT('Origin',(213.620010288898,-74.000000949949,4.5));
#2456=CARTESIAN_POINT('',(216.62,-74.000000949949,6.015));
#2457=CARTESIAN_POINT('Origin',(216.62,-80.07175,7.53));
#2458=CARTESIAN_POINT('Origin',(148.28,-125.49,4.51));
#2459=CARTESIAN_POINT('',(150.58,-125.49,9.51));
#2460=CARTESIAN_POINT('Origin',(148.28,-125.49,9.51));
#2461=CARTESIAN_POINT('',(150.58,-125.49,4.51));
#2462=CARTESIAN_POINT('',(150.58,-125.49,4.51));
#2463=CARTESIAN_POINT('Origin',(148.28,-125.49,4.51));
#2464=CARTESIAN_POINT('Origin',(148.28,-125.49,4.51));
#2465=CARTESIAN_POINT('',(152.28,-125.49,9.51));
#2466=CARTESIAN_POINT('Origin',(148.28,-125.49,9.51));
#2467=CARTESIAN_POINT('',(152.28,-125.49,4.51));
#2468=CARTESIAN_POINT('',(152.28,-125.49,4.51));
#2469=CARTESIAN_POINT('Origin',(148.28,-125.49,4.51));
#2470=CARTESIAN_POINT('Origin',(148.28,-125.49,9.51));
#2471=CARTESIAN_POINT('Origin',(148.28,-125.49,4.51));
#2472=CARTESIAN_POINT('Origin',(378.91,-139.42,4.51));
#2473=CARTESIAN_POINT('',(381.21,-139.42,9.51));
#2474=CARTESIAN_POINT('Origin',(378.91,-139.42,9.51));
#2475=CARTESIAN_POINT('',(381.21,-139.42,4.51));
#2476=CARTESIAN_POINT('',(381.21,-139.42,4.51));
#2477=CARTESIAN_POINT('Origin',(378.91,-139.42,4.51));
#2478=CARTESIAN_POINT('Origin',(378.91,-139.42,4.51));
#2479=CARTESIAN_POINT('',(382.91,-139.42,9.51));
#2480=CARTESIAN_POINT('Origin',(378.91,-139.42,9.51));
#2481=CARTESIAN_POINT('',(382.91,-139.42,4.51));
#2482=CARTESIAN_POINT('',(382.91,-139.42,4.51));
#2483=CARTESIAN_POINT('Origin',(378.91,-139.42,4.51));
#2484=CARTESIAN_POINT('Origin',(378.91,-139.42,9.51));
#2485=CARTESIAN_POINT('Origin',(378.91,-139.42,4.51));
#2486=CARTESIAN_POINT('Origin',(19.9,-137.18,4.51));
#2487=CARTESIAN_POINT('',(22.2,-137.18,9.51));
#2488=CARTESIAN_POINT('Origin',(19.9,-137.18,9.51));
#2489=CARTESIAN_POINT('',(22.2,-137.18,4.51));
#2490=CARTESIAN_POINT('',(22.2,-137.18,4.51));
#2491=CARTESIAN_POINT('Origin',(19.9,-137.18,4.51));
#2492=CARTESIAN_POINT('Origin',(19.9,-137.18,4.51));
#2493=CARTESIAN_POINT('',(23.9,-137.18,9.51));
#2494=CARTESIAN_POINT('Origin',(19.9,-137.18,9.51));
#2495=CARTESIAN_POINT('',(23.9,-137.18,4.51));
#2496=CARTESIAN_POINT('',(23.9,-137.18,4.51));
#2497=CARTESIAN_POINT('Origin',(19.9,-137.18,4.51));
#2498=CARTESIAN_POINT('Origin',(19.9,-137.18,9.51));
#2499=CARTESIAN_POINT('Origin',(19.9,-137.18,4.51));
#2500=CARTESIAN_POINT('Origin',(378.82,-21.51,4.51));
#2501=CARTESIAN_POINT('',(381.12,-21.51,9.51));
#2502=CARTESIAN_POINT('Origin',(378.82,-21.51,9.51));
#2503=CARTESIAN_POINT('',(381.12,-21.51,4.51));
#2504=CARTESIAN_POINT('',(381.12,-21.51,4.51));
#2505=CARTESIAN_POINT('Origin',(378.82,-21.51,4.51));
#2506=CARTESIAN_POINT('Origin',(378.82,-21.51,4.51));
#2507=CARTESIAN_POINT('',(382.82,-21.51,9.51));
#2508=CARTESIAN_POINT('Origin',(378.82,-21.51,9.51));
#2509=CARTESIAN_POINT('',(382.82,-21.51,4.51));
#2510=CARTESIAN_POINT('',(382.82,-21.51,4.51));
#2511=CARTESIAN_POINT('Origin',(378.82,-21.51,4.51));
#2512=CARTESIAN_POINT('Origin',(378.82,-21.51,9.51));
#2513=CARTESIAN_POINT('Origin',(378.82,-21.51,4.51));
#2514=CARTESIAN_POINT('Origin',(70.32,-26.02,4.51));
#2515=CARTESIAN_POINT('',(72.62,-26.02,9.51));
#2516=CARTESIAN_POINT('Origin',(70.32,-26.02,9.51));
#2517=CARTESIAN_POINT('',(72.62,-26.02,4.51));
#2518=CARTESIAN_POINT('',(72.62,-26.02,4.51));
#2519=CARTESIAN_POINT('Origin',(70.32,-26.02,4.51));
#2520=CARTESIAN_POINT('Origin',(70.32,-26.02,4.51));
#2521=CARTESIAN_POINT('',(74.32,-26.02,9.51));
#2522=CARTESIAN_POINT('Origin',(70.32,-26.02,9.51));
#2523=CARTESIAN_POINT('',(74.32,-26.02,4.51));
#2524=CARTESIAN_POINT('',(74.32,-26.02,4.51));
#2525=CARTESIAN_POINT('Origin',(70.32,-26.02,4.51));
#2526=CARTESIAN_POINT('Origin',(70.32,-26.02,9.51));
#2527=CARTESIAN_POINT('Origin',(70.32,-26.02,4.51));
#2528=CARTESIAN_POINT('Origin',(213.620010288898,-36.4999991841614,6.99999984353781));
#2529=CARTESIAN_POINT('',(216.620010288898,-34.8999991841614,6.99999984353781));
#2530=CARTESIAN_POINT('Origin',(216.620010288898,-36.4999991841614,6.99999984353781));
#2531=CARTESIAN_POINT('',(219.620010288898,-34.8999991841614,6.99999984353781));
#2532=CARTESIAN_POINT('',(213.620010288898,-34.8999991841614,6.99999984353781));
#2533=CARTESIAN_POINT('Origin',(219.620010288898,-36.4999991841614,6.99999984353781));
#2534=CARTESIAN_POINT('Origin',(216.620010288898,-34.000000949949,4.5));
#2535=CARTESIAN_POINT('',(216.620010288898,-34.000000949949,4.5));
#2536=CARTESIAN_POINT('',(216.620010288898,-39.000000949949,4.5));
#2537=CARTESIAN_POINT('',(216.620010288898,-34.000000949949,4.5));
#2538=CARTESIAN_POINT('',(216.620010288898,-39.000000949949,9.5));
#2539=CARTESIAN_POINT('',(216.620010288898,-39.000000949949,4.5));
#2540=CARTESIAN_POINT('',(216.620010288898,-34.000000949949,9.5));
#2541=CARTESIAN_POINT('',(216.620010288898,-34.000000949949,9.5));
#2542=CARTESIAN_POINT('',(216.620010288898,-34.000000949949,4.5));
#2543=CARTESIAN_POINT('Origin',(219.620010288898,-34.000000949949,4.5));
#2544=CARTESIAN_POINT('',(219.620010288898,-34.000000949949,4.5));
#2545=CARTESIAN_POINT('',(219.620010288898,-34.000000949949,4.5));
#2546=CARTESIAN_POINT('',(219.620010288898,-34.000000949949,9.5));
#2547=CARTESIAN_POINT('',(219.620010288898,-34.000000949949,9.5));
#2548=CARTESIAN_POINT('',(219.620010288898,-34.000000949949,4.5));
#2549=CARTESIAN_POINT('Origin',(219.620010288898,-39.000000949949,4.5));
#2550=CARTESIAN_POINT('',(219.620010288898,-39.000000949949,4.5));
#2551=CARTESIAN_POINT('',(219.620010288898,-39.000000949949,4.5));
#2552=CARTESIAN_POINT('',(219.620010288898,-39.000000949949,9.5));
#2553=CARTESIAN_POINT('',(219.620010288898,-39.000000949949,9.5));
#2554=CARTESIAN_POINT('',(219.620010288898,-39.000000949949,4.5));
#2555=CARTESIAN_POINT('Origin',(216.620010288898,-39.000000949949,4.5));
#2556=CARTESIAN_POINT('',(216.620010288898,-39.000000949949,4.5));
#2557=CARTESIAN_POINT('',(216.620010288898,-39.000000949949,9.5));
#2558=CARTESIAN_POINT('Origin',(218.120010288898,-36.500000949949,9.5));
#2559=CARTESIAN_POINT('Origin',(218.120010288898,-36.500000949949,4.5));
#2560=CARTESIAN_POINT('Origin',(213.620010288898,-71.500001065433,7.00000010430813));
#2561=CARTESIAN_POINT('',(216.620010288898,-69.900001065433,7.00000010430813));
#2562=CARTESIAN_POINT('Origin',(216.620010288898,-71.500001065433,7.00000010430813));
#2563=CARTESIAN_POINT('',(219.620010288898,-69.900001065433,7.00000010430813));
#2564=CARTESIAN_POINT('',(213.620010288898,-69.900001065433,7.00000010430813));
#2565=CARTESIAN_POINT('Origin',(219.620010288898,-71.500001065433,7.00000010430813));
#2566=CARTESIAN_POINT('Origin',(216.620010288898,-69.000000949949,4.5));
#2567=CARTESIAN_POINT('',(216.620010288898,-74.000000949949,4.5));
#2568=CARTESIAN_POINT('',(216.620010288898,-69.000000949949,4.5));
#2569=CARTESIAN_POINT('',(216.620010288898,-74.000000949949,4.5));
#2570=CARTESIAN_POINT('',(216.620010288898,-74.000000949949,9.5));
#2571=CARTESIAN_POINT('',(216.620010288898,-74.000000949949,4.5));
#2572=CARTESIAN_POINT('',(216.620010288898,-69.000000949949,9.5));
#2573=CARTESIAN_POINT('',(216.620010288898,-74.000000949949,9.5));
#2574=CARTESIAN_POINT('',(216.620010288898,-69.000000949949,4.5));
#2575=CARTESIAN_POINT('Origin',(219.620010288898,-69.000000949949,4.5));
#2576=CARTESIAN_POINT('',(219.620010288898,-69.000000949949,4.5));
#2577=CARTESIAN_POINT('',(219.620010288898,-69.000000949949,4.5));
#2578=CARTESIAN_POINT('',(219.620010288898,-69.000000949949,9.5));
#2579=CARTESIAN_POINT('',(219.620010288898,-69.000000949949,9.5));
#2580=CARTESIAN_POINT('',(219.620010288898,-69.000000949949,4.5));
#2581=CARTESIAN_POINT('Origin',(219.620010288898,-74.000000949949,4.5));
#2582=CARTESIAN_POINT('',(219.620010288898,-74.000000949949,4.5));
#2583=CARTESIAN_POINT('',(219.620010288898,-74.000000949949,4.5));
#2584=CARTESIAN_POINT('',(219.620010288898,-74.000000949949,9.5));
#2585=CARTESIAN_POINT('',(219.620010288898,-74.000000949949,9.5));
#2586=CARTESIAN_POINT('',(219.620010288898,-74.000000949949,4.5));
#2587=CARTESIAN_POINT('Origin',(216.620010288898,-74.000000949949,4.5));
#2588=CARTESIAN_POINT('',(216.620010288898,-74.000000949949,4.5));
#2589=CARTESIAN_POINT('',(216.620010288898,-74.000000949949,9.5));
#2590=CARTESIAN_POINT('Origin',(218.120010288898,-71.500000949949,9.5));
#2591=CARTESIAN_POINT('Origin',(218.120010288898,-71.500000949949,4.5));
#2592=CARTESIAN_POINT('Origin',(213.620010288898,-117.500001750886,7.00000010430813));
#2593=CARTESIAN_POINT('',(216.620010288898,-115.900001750886,7.00000010430813));
#2594=CARTESIAN_POINT('Origin',(216.620010288898,-117.500001750886,7.00000010430813));
#2595=CARTESIAN_POINT('',(219.620010288898,-115.900001750886,7.00000010430813));
#2596=CARTESIAN_POINT('',(213.620010288898,-115.900001750886,7.00000010430813));
#2597=CARTESIAN_POINT('Origin',(219.620010288898,-117.500001750886,7.00000010430813));
#2598=CARTESIAN_POINT('Origin',(216.620010288898,-115.000000949949,4.5));
#2599=CARTESIAN_POINT('',(216.620010288898,-115.000000949949,4.5));
#2600=CARTESIAN_POINT('',(216.620010288898,-120.000000949949,4.5));
#2601=CARTESIAN_POINT('',(216.620010288898,-115.000000949949,4.5));
#2602=CARTESIAN_POINT('',(216.620010288898,-120.000000949949,9.5));
#2603=CARTESIAN_POINT('',(216.620010288898,-120.000000949949,4.5));
#2604=CARTESIAN_POINT('',(216.620010288898,-115.000000949949,9.5));
#2605=CARTESIAN_POINT('',(216.620010288898,-115.000000949949,9.5));
#2606=CARTESIAN_POINT('',(216.620010288898,-115.000000949949,4.5));
#2607=CARTESIAN_POINT('Origin',(219.620010288898,-115.000000949949,4.5));
#2608=CARTESIAN_POINT('',(219.620010288898,-115.000000949949,4.5));
#2609=CARTESIAN_POINT('',(219.620010288898,-115.000000949949,4.5));
#2610=CARTESIAN_POINT('',(219.620010288898,-115.000000949949,9.5));
#2611=CARTESIAN_POINT('',(219.620010288898,-115.000000949949,9.5));
#2612=CARTESIAN_POINT('',(219.620010288898,-115.000000949949,4.5));
#2613=CARTESIAN_POINT('Origin',(219.620010288898,-120.000000949949,4.5));
#2614=CARTESIAN_POINT('',(219.620010288898,-120.000000949949,4.5));
#2615=CARTESIAN_POINT('',(219.620010288898,-120.000000949949,4.5));
#2616=CARTESIAN_POINT('',(219.620010288898,-120.000000949949,9.5));
#2617=CARTESIAN_POINT('',(219.620010288898,-120.000000949949,9.5));
#2618=CARTESIAN_POINT('',(219.620010288898,-120.000000949949,4.5));
#2619=CARTESIAN_POINT('Origin',(216.620010288898,-120.000000949949,4.5));
#2620=CARTESIAN_POINT('',(216.620010288898,-120.000000949949,4.5));
#2621=CARTESIAN_POINT('',(216.620010288898,-120.000000949949,9.5));
#2622=CARTESIAN_POINT('Origin',(218.120010288898,-117.500000949949,9.5));
#2623=CARTESIAN_POINT('Origin',(218.120010288898,-117.500000949949,4.5));
#2624=CARTESIAN_POINT('Origin',(182.73,-80.07175,16.06));
#2625=CARTESIAN_POINT('',(186.62,-148.04975,16.06));
#2626=CARTESIAN_POINT('',(186.62,-145.04975,16.06));
#2627=CARTESIAN_POINT('',(186.62,-80.07175,16.06));
#2628=CARTESIAN_POINT('',(9.62,-145.04975,16.06));
#2629=CARTESIAN_POINT('',(269.285,-145.04975,16.06));
#2630=CARTESIAN_POINT('',(9.62,-15.09375,16.06));
#2631=CARTESIAN_POINT('',(9.62,-112.56075,16.06));
#2632=CARTESIAN_POINT('',(14.0000007450581,-15.09375,16.06));
#2633=CARTESIAN_POINT('',(96.1750000000001,-15.09375,16.06));
#2634=CARTESIAN_POINT('',(14.0000006556511,-12.09375,16.06));
#2635=CARTESIAN_POINT('',(14.0000007450581,-47.58275,16.06));
#2636=CARTESIAN_POINT('',(6.62000000000003,-12.09375,16.06));
#2637=CARTESIAN_POINT('',(274.285,-12.09375,16.06));
#2638=CARTESIAN_POINT('',(6.62000000000003,-148.04975,16.06));
#2639=CARTESIAN_POINT('',(6.62000000000003,-42.58275,16.06));
#2640=CARTESIAN_POINT('',(91.1750000000001,-148.04975,16.06));
#2641=CARTESIAN_POINT('Origin',(182.73,-80.07175,16.06));
#2642=CARTESIAN_POINT('',(186.62,-15.09375,16.06));
#2643=CARTESIAN_POINT('',(186.62,-12.09375,16.06));
#2644=CARTESIAN_POINT('',(186.62,-80.07175,16.06));
#2645=CARTESIAN_POINT('',(38.000000923872,-12.09375,16.06));
#2646=CARTESIAN_POINT('',(274.285,-12.09375,16.06));
#2647=CARTESIAN_POINT('',(38.000000923872,-15.09375,16.06));
#2648=CARTESIAN_POINT('',(38.000000923872,-44.0828750819564,16.06));
#2649=CARTESIAN_POINT('',(96.1750000000001,-15.09375,16.06));
#2650=CARTESIAN_POINT('Origin',(182.5,-80.,4.5));
#2651=CARTESIAN_POINT('',(186.62,-115.000000949949,4.5));
#2652=CARTESIAN_POINT('',(186.62,-74.000000949949,4.5));
#2653=CARTESIAN_POINT('',(186.62,-80.035875,4.5));
#2654=CARTESIAN_POINT('',(183.620010288898,-74.000000949949,4.5));
#2655=CARTESIAN_POINT('',(183.060005144449,-74.000000949949,4.5));
#2656=CARTESIAN_POINT('',(183.620010288898,-69.000000949949,4.5));
#2657=CARTESIAN_POINT('',(183.620010288898,-74.5000004749745,4.5));
#2658=CARTESIAN_POINT('',(186.62,-69.000000949949,4.5));
#2659=CARTESIAN_POINT('',(184.560005144449,-69.000000949949,4.5));
#2660=CARTESIAN_POINT('',(186.62,-39.000000949949,4.5));
#2661=CARTESIAN_POINT('',(186.62,-80.035875,4.5));
#2662=CARTESIAN_POINT('',(183.620010288898,-39.000000949949,4.5));
#2663=CARTESIAN_POINT('',(183.060005144449,-39.000000949949,4.5));
#2664=CARTESIAN_POINT('',(183.620010288898,-34.000000949949,4.5));
#2665=CARTESIAN_POINT('',(183.620010288898,-57.0000004749745,4.5));
#2666=CARTESIAN_POINT('',(186.62,-34.000000949949,4.5));
#2667=CARTESIAN_POINT('',(184.560005144449,-34.000000949949,4.5));
#2668=CARTESIAN_POINT('',(186.62,-15.09375,4.5));
#2669=CARTESIAN_POINT('',(186.62,-80.035875,4.5));
#2670=CARTESIAN_POINT('',(38.000000923872,-15.09375,4.50000008940697));
#2671=CARTESIAN_POINT('',(96.06,-15.09375,4.5));
#2672=CARTESIAN_POINT('',(38.000000923872,-12.09375,4.50000008940697));
#2673=CARTESIAN_POINT('',(38.000000923872,-44.0470000819564,4.5));
#2674=CARTESIAN_POINT('',(14.000000745058,-12.09375,4.50000008940697));
#2675=CARTESIAN_POINT('',(274.17,-12.09375,4.5));
#2676=CARTESIAN_POINT('',(14.0000007450581,-15.09375,4.50000008940697));
#2677=CARTESIAN_POINT('',(14.0000006556511,-44.0470000819564,4.5));
#2678=CARTESIAN_POINT('',(9.62,-15.09375,4.5));
#2679=CARTESIAN_POINT('',(96.06,-15.09375,4.5));
#2680=CARTESIAN_POINT('',(9.62,-145.04975,4.5));
#2681=CARTESIAN_POINT('',(9.62,-112.524875,4.5));
#2682=CARTESIAN_POINT('',(186.62,-145.04975,4.5));
#2683=CARTESIAN_POINT('',(269.17,-145.04975,4.5));
#2684=CARTESIAN_POINT('',(186.62,-120.000000949949,4.5));
#2685=CARTESIAN_POINT('',(186.62,-80.035875,4.5));
#2686=CARTESIAN_POINT('',(183.620010288898,-120.000000949949,4.5));
#2687=CARTESIAN_POINT('',(183.060005144449,-120.000000949949,4.5));
#2688=CARTESIAN_POINT('',(183.620010288898,-115.000000949949,4.5));
#2689=CARTESIAN_POINT('',(183.620010288898,-97.5000004749745,4.5));
#2690=CARTESIAN_POINT('',(184.560005144449,-115.000000949949,4.5));
#2691=CARTESIAN_POINT('Origin',(186.620010288898,-34.000000949949,4.5));
#2692=CARTESIAN_POINT('',(183.620010288898,-34.000000949949,9.5));
#2693=CARTESIAN_POINT('',(183.620010288898,-34.000000949949,4.5));
#2694=CARTESIAN_POINT('',(186.62,-34.000000949949,9.5));
#2695=CARTESIAN_POINT('',(186.620010288898,-34.000000949949,9.5));
#2696=CARTESIAN_POINT('',(186.62,-34.000000949949,6.015));
#2697=CARTESIAN_POINT('Origin',(183.620010288898,-34.000000949949,4.5));
#2698=CARTESIAN_POINT('',(183.620010288898,-39.000000949949,9.5));
#2699=CARTESIAN_POINT('',(183.620010288898,-39.000000949949,4.5));
#2700=CARTESIAN_POINT('',(183.620010288898,-34.000000949949,9.5));
#2701=CARTESIAN_POINT('',(183.620010288898,-34.8999991841614,6.99999984353781));
#2702=CARTESIAN_POINT('Origin',(183.620010288898,-36.4999991841614,6.99999984353781));
#2703=CARTESIAN_POINT('Origin',(183.620010288898,-39.000000949949,4.5));
#2704=CARTESIAN_POINT('',(186.62,-39.000000949949,9.5));
#2705=CARTESIAN_POINT('',(186.62,-39.000000949949,6.015));
#2706=CARTESIAN_POINT('',(183.620010288898,-39.000000949949,9.5));
#2707=CARTESIAN_POINT('Origin',(186.620010288898,-69.000000949949,4.5));
#2708=CARTESIAN_POINT('',(183.620010288898,-69.000000949949,9.5));
#2709=CARTESIAN_POINT('',(183.620010288898,-69.000000949949,4.5));
#2710=CARTESIAN_POINT('',(186.62,-69.000000949949,9.5));
#2711=CARTESIAN_POINT('',(186.620010288898,-69.000000949949,9.5));
#2712=CARTESIAN_POINT('',(186.62,-69.000000949949,6.015));
#2713=CARTESIAN_POINT('Origin',(183.620010288898,-69.000000949949,4.5));
#2714=CARTESIAN_POINT('',(183.620010288898,-74.000000949949,9.5));
#2715=CARTESIAN_POINT('',(183.620010288898,-74.000000949949,4.5));
#2716=CARTESIAN_POINT('',(183.620010288898,-69.000000949949,9.5));
#2717=CARTESIAN_POINT('',(183.620010288898,-69.900001065433,7.00000010430813));
#2718=CARTESIAN_POINT('Origin',(183.620010288898,-71.500001065433,7.00000010430813));
#2719=CARTESIAN_POINT('Origin',(183.620010288898,-74.000000949949,4.5));
#2720=CARTESIAN_POINT('',(186.62,-74.000000949949,9.5));
#2721=CARTESIAN_POINT('',(186.62,-74.000000949949,6.015));
#2722=CARTESIAN_POINT('',(183.620010288898,-74.000000949949,9.5));
#2723=CARTESIAN_POINT('Origin',(186.62,-80.07175,7.53));
#2724=CARTESIAN_POINT('',(186.62,-58.2858754749745,9.5));
#2725=CARTESIAN_POINT('',(186.62,-75.7858754749745,9.5));
#2726=CARTESIAN_POINT('',(186.62,-115.000000949949,9.5));
#2727=CARTESIAN_POINT('',(186.62,-115.000000949949,6.015));
#2728=CARTESIAN_POINT('',(186.62,-120.000000949949,9.5));
#2729=CARTESIAN_POINT('',(186.62,-98.7858754749745,9.5));
#2730=CARTESIAN_POINT('',(186.62,-120.000000949949,6.015));
#2731=CARTESIAN_POINT('',(186.62,-145.04975,15.06));
#2732=CARTESIAN_POINT('',(186.62,-148.04975,0.));
#2733=CARTESIAN_POINT('',(186.62,-148.04975,3.795));
#2734=CARTESIAN_POINT('',(186.62,-12.09375,0.));
#2735=CARTESIAN_POINT('',(186.62,-80.035875,0.));
#2736=CARTESIAN_POINT('',(186.62,-12.09375,15.06));
#2737=CARTESIAN_POINT('',(186.62,-15.09375,3.795));
#2738=CARTESIAN_POINT('',(186.62,-115.900001750886,7.00000010430813));
#2739=CARTESIAN_POINT('Origin',(186.62,-117.500001750886,7.00000010430813));
#2740=CARTESIAN_POINT('',(186.62,-69.900001065433,7.00000010430813));
#2741=CARTESIAN_POINT('Origin',(186.62,-71.500001065433,7.00000010430813));
#2742=CARTESIAN_POINT('',(186.62,-34.8999991841614,6.99999984353781));
#2743=CARTESIAN_POINT('Origin',(186.62,-36.4999991841614,6.99999984353781));
#2744=CARTESIAN_POINT('Origin',(185.120010288898,-71.500000949949,9.5));
#2745=CARTESIAN_POINT('Origin',(185.120010288898,-36.500000949949,9.5));
#2746=CARTESIAN_POINT('Origin',(9.62000000000003,-15.09375,0.0599999999999989));
#2747=CARTESIAN_POINT('',(38.000000923872,-15.09375,4.50000008940697));
#2748=CARTESIAN_POINT('Origin',(365.84,-12.09375,0.0599999999999978));
#2749=CARTESIAN_POINT('',(38.000000923872,-12.09375,2.28000004470348));
#2750=CARTESIAN_POINT('',(6.62000000000003,-12.09375,0.));
#2751=CARTESIAN_POINT('',(274.17,-12.09375,0.));
#2752=CARTESIAN_POINT('',(6.62000000000006,-12.09375,0.0599999999999978));
#2753=CARTESIAN_POINT('',(14.000000745058,-12.09375,2.28000004470348));
#2754=CARTESIAN_POINT('Origin',(183.620010288898,-117.500001750886,7.00000010430813));
#2755=CARTESIAN_POINT('',(183.620010288898,-115.900001750886,7.00000010430813));
#2756=CARTESIAN_POINT('Origin',(183.620010288898,-117.500001750886,7.00000010430813));
#2757=CARTESIAN_POINT('',(183.620010288898,-115.900001750886,7.00000010430813));
#2758=CARTESIAN_POINT('Origin',(183.620010288898,-71.500001065433,7.00000010430813));
#2759=CARTESIAN_POINT('',(183.620010288898,-69.900001065433,7.00000010430813));
#2760=CARTESIAN_POINT('Origin',(183.620010288898,-36.4999991841614,6.99999984353781));
#2761=CARTESIAN_POINT('',(183.620010288898,-34.8999991841614,6.99999984353781));
#2762=CARTESIAN_POINT('Origin',(183.620010288898,-120.000000949949,4.5));
#2763=CARTESIAN_POINT('',(183.620010288898,-120.000000949949,9.5));
#2764=CARTESIAN_POINT('',(183.620010288898,-120.000000949949,9.5));
#2765=CARTESIAN_POINT('',(183.620010288898,-120.000000949949,4.5));
#2766=CARTESIAN_POINT('Origin',(183.620010288898,-115.000000949949,4.5));
#2767=CARTESIAN_POINT('',(183.620010288898,-115.000000949949,9.5));
#2768=CARTESIAN_POINT('',(183.620010288898,-115.000000949949,9.5));
#2769=CARTESIAN_POINT('',(183.620010288898,-115.000000949949,4.5));
#2770=CARTESIAN_POINT('Origin',(186.620010288898,-115.000000949949,4.5));
#2771=CARTESIAN_POINT('',(186.620010288898,-115.000000949949,9.5));
#2772=CARTESIAN_POINT('Origin',(185.120010288898,-117.500000949949,9.5));
#2773=CARTESIAN_POINT('Origin',(-0.379999999999967,-148.04975,0.0599999999999978));
#2774=CARTESIAN_POINT('',(6.62000000000003,-148.04975,0.));
#2775=CARTESIAN_POINT('',(6.62000000000003,-148.04975,0.0599999999999978));
#2776=CARTESIAN_POINT('',(91.06,-148.04975,0.));
#2777=CARTESIAN_POINT('Origin',(6.62000000000003,-5.09375,0.0599999999999978));
#2778=CARTESIAN_POINT('',(6.62000000000003,-42.546875,0.));
#2779=CARTESIAN_POINT('Origin',(9.62000000000003,-15.09375,0.0599999999999989));
#2780=CARTESIAN_POINT('',(14.0000007450581,-15.09375,3.03000004470348));
#2781=CARTESIAN_POINT('',(9.62,-15.09375,0.0599999999999989));
#2782=CARTESIAN_POINT('Origin',(355.84,-145.04975,0.0599999999999989));
#2783=CARTESIAN_POINT('',(9.62,-145.04975,0.0599999999999989));
#2784=CARTESIAN_POINT('Origin',(9.62,-145.04975,0.0599999999999989));
#2785=CARTESIAN_POINT('Origin',(182.5,-80.,0.));
#2786=CARTESIAN_POINT('Origin',(38.000000923872,-8.09400016391278,6.06));
#2787=CARTESIAN_POINT('Origin',(14.0000006556511,-8.09400016391277,15.06));
#2788=UNCERTAINTY_MEASURE_WITH_UNIT(LENGTH_MEASURE(0.01),#2792,
'DISTANCE_ACCURACY_VALUE',
'Maximum model space distance between geometric entities at asserted c
onnectivities');
#2789=UNCERTAINTY_MEASURE_WITH_UNIT(LENGTH_MEASURE(0.01),#2792,
'DISTANCE_ACCURACY_VALUE',
'Maximum model space distance between geometric entities at asserted c
onnectivities');
#2790=(
GEOMETRIC_REPRESENTATION_CONTEXT(3)
GLOBAL_UNCERTAINTY_ASSIGNED_CONTEXT((#2788))
GLOBAL_UNIT_ASSIGNED_CONTEXT((#2792,#2794,#2795))
REPRESENTATION_CONTEXT('','3D')
);
#2791=(
GEOMETRIC_REPRESENTATION_CONTEXT(3)
GLOBAL_UNCERTAINTY_ASSIGNED_CONTEXT((#2789))
GLOBAL_UNIT_ASSIGNED_CONTEXT((#2792,#2794,#2795))
REPRESENTATION_CONTEXT('','3D')
);
#2792=(
LENGTH_UNIT()
NAMED_UNIT(*)
SI_UNIT(.MILLI.,.METRE.)
);
#2793=(
LENGTH_UNIT()
NAMED_UNIT(*)
SI_UNIT($,.METRE.)
);
#2794=(
NAMED_UNIT(*)
PLANE_ANGLE_UNIT()
SI_UNIT($,.RADIAN.)
);
#2795=(
NAMED_UNIT(*)
SI_UNIT($,.STERADIAN.)
SOLID_ANGLE_UNIT()
);
#2796=SHAPE_DEFINITION_REPRESENTATION(#2797,#2798);
#2797=PRODUCT_DEFINITION_SHAPE('',$,#2800);
#2798=SHAPE_REPRESENTATION('',(#1728),#2790);
#2799=PRODUCT_DEFINITION_CONTEXT('part definition',#2804,'design');
#2800=PRODUCT_DEFINITION('case','case v17',#2801,#2799);
#2801=PRODUCT_DEFINITION_FORMATION('',$,#2806);
#2802=PRODUCT_RELATED_PRODUCT_CATEGORY('case v17','case v17',(#2806));
#2803=APPLICATION_PROTOCOL_DEFINITION('international standard',
'automotive_design',2009,#2804);
#2804=APPLICATION_CONTEXT(
'Core Data for Automotive Mechanical Design Process');
#2805=PRODUCT_CONTEXT('part definition',#2804,'mechanical');
#2806=PRODUCT('case','case v17',$,(#2805));
#2807=PRESENTATION_STYLE_ASSIGNMENT((#2808));
#2808=SURFACE_STYLE_USAGE(.BOTH.,#2809);
#2809=SURFACE_SIDE_STYLE('',(#2810));
#2810=SURFACE_STYLE_FILL_AREA(#2811);
#2811=FILL_AREA_STYLE('Steel - Satin',(#2812));
#2812=FILL_AREA_STYLE_COLOUR('Steel - Satin',#2813);
#2813=COLOUR_RGB('Steel - Satin',0.627450980392157,0.627450980392157,0.627450980392157);
ENDSEC;
END-ISO-10303-21;
